OBJECTID,AAC,District Number,DIST_NAME,State Code,Source,Fire Behaviour Index,Fire Danger,Forecast_Period,Start_Time,End_Time,Start_Time_UTC_str,End_Time_UTC_str
1,NSW_FW001,1,Far North Coast,NSW,RFS,8,No Rating,1,5/5/2026 7:50:00 PM,5/6/2026 2:00:00 PM,2026-05-05T19:50:00Z,2026-05-06T14:00:00Z
2,NSW_FW002,2,North Coast,NSW,RFS,12,Moderate,1,5/5/2026 7:50:00 PM,5/6/2026 2:00:00 PM,2026-05-05T19:50:00Z,2026-05-06T14:00:00Z
3,NSW_FW003,3,Greater Hunter,NSW,RFS,12,Moderate,1,5/5/2026 7:50:00 PM,5/6/2026 2:00:00 PM,2026-05-05T19:50:00Z,2026-05-06T14:00:00Z
4,NSW_FW004,4,Greater Sydney Region,NSW,RFS,12,Moderate,1,5/5/2026 7:50:00 PM,5/6/2026 2:00:00 PM,2026-05-05T19:50:00Z,2026-05-06T14:00:00Z
5,NSW_FW005,5,Illawarra/Shoalhaven,NSW,RFS,12,Moderate,1,5/5/2026 7:50:00 PM,5/6/2026 2:00:00 PM,2026-05-05T19:50:00Z,2026-05-06T14:00:00Z
6,NSW_FW006,6,Far South Coast,NSW,RFS,10,No Rating,1,5/5/2026 7:50:00 PM,5/6/2026 2:00:00 PM,2026-05-05T19:50:00Z,2026-05-06T14:00:00Z
7,NSW_FW007,7,Monaro Alpine,NSW,RFS,12,Moderate,1,5/5/2026 7:50:00 PM,5/6/2026 2:00:00 PM,2026-05-05T19:50:00Z,2026-05-06T14:00:00Z
8,NSW_FW008,8,Australian Capital Territory,ACT,RFS,10,No Rating,1,5/5/2026 7:50:00 PM,5/6/2026 2:00:00 PM,2026-05-05T19:50:00Z,2026-05-06T14:00:00Z
9,NSW_FW009,9,Southern Ranges,NSW,RFS,13,Moderate,1,5/5/2026 7:50:00 PM,5/6/2026 2:00:00 PM,2026-05-05T19:50:00Z,2026-05-06T14:00:00Z
10,NSW_FW010,10,Central Ranges,NSW,RFS,12,Moderate,1,5/5/2026 7:50:00 PM,5/6/2026 2:00:00 PM,2026-05-05T19:50:00Z,2026-05-06T14:00:00Z
11,NSW_FW011,11,New England,NSW,RFS,11,No Rating,1,5/5/2026 7:50:00 PM,5/6/2026 2:00:00 PM,2026-05-05T19:50:00Z,2026-05-06T14:00:00Z
12,NSW_FW012,12,Northern Slopes,NSW,RFS,15,Moderate,1,5/5/2026 7:50:00 PM,5/6/2026 2:00:00 PM,2026-05-05T19:50:00Z,2026-05-06T14:00:00Z
13,NSW_FW013,13,North Western,NSW,RFS,17,Moderate,1,5/5/2026 7:50:00 PM,5/6/2026 2:00:00 PM,2026-05-05T19:50:00Z,2026-05-06T14:00:00Z
14,NSW_FW014,14,Upper Central West Plains,NSW,RFS,15,Moderate,1,5/5/2026 7:50:00 PM,5/6/2026 2:00:00 PM,2026-05-05T19:50:00Z,2026-05-06T14:00:00Z
15,NSW_FW015,15,Lower Central West Plains,NSW,RFS,12,Moderate,1,5/5/2026 7:50:00 PM,5/6/2026 2:00:00 PM,2026-05-05T19:50:00Z,2026-05-06T14:00:00Z
16,NSW_FW016,16,Southern Slopes,NSW,RFS,7,No Rating,1,5/5/2026 7:50:00 PM,5/6/2026 2:00:00 PM,2026-05-05T19:50:00Z,2026-05-06T14:00:00Z
17,NSW_FW017,17,Eastern Riverina,NSW,RFS,8,No Rating,1,5/5/2026 7:50:00 PM,5/6/2026 2:00:00 PM,2026-05-05T19:50:00Z,2026-05-06T14:00:00Z
18,NSW_FW018,18,Southern Riverina,NSW,RFS,10,No Rating,1,5/5/2026 7:50:00 PM,5/6/2026 2:00:00 PM,2026-05-05T19:50:00Z,2026-05-06T14:00:00Z
19,NSW_FW019,19,Northern Riverina,NSW,RFS,10,No Rating,1,5/5/2026 7:50:00 PM,5/6/2026 2:00:00 PM,2026-05-05T19:50:00Z,2026-05-06T14:00:00Z
20,NSW_FW020,20,South Western,NSW,RFS,8,No Rating,1,5/5/2026 7:50:00 PM,5/6/2026 2:00:00 PM,2026-05-05T19:50:00Z,2026-05-06T14:00:00Z
21,NSW_FW021,21,Far Western,NSW,RFS,9,No Rating,1,5/5/2026 7:50:00 PM,5/6/2026 2:00:00 PM,2026-05-05T19:50:00Z,2026-05-06T14:00:00Z
22,NT_FW001,1,Darwin and Adelaide River,NT,BOM,9,No Rating,1,5/5/2026 7:36:00 PM,5/6/2026 2:30:00 PM,2026-05-05T19:36:00Z,2026-05-06T14:30:00Z
23,NT_FW002,2,Northern Fire Protection Area,NT,BOM,6,No Rating,1,5/5/2026 7:36:00 PM,5/6/2026 2:30:00 PM,2026-05-05T19:36:00Z,2026-05-06T14:30:00Z
24,NT_FW003,3,Daly South,NT,BOM,7,No Rating,1,5/5/2026 7:36:00 PM,5/6/2026 2:30:00 PM,2026-05-05T19:36:00Z,2026-05-06T14:30:00Z
25,NT_FW004,4,Tiwi,NT,BOM,6,No Rating,1,5/5/2026 7:36:00 PM,5/6/2026 2:30:00 PM,2026-05-05T19:36:00Z,2026-05-06T14:30:00Z
26,NT_FW005,5,Arnhem West,NT,BOM,6,No Rating,1,5/5/2026 7:36:00 PM,5/6/2026 2:30:00 PM,2026-05-05T19:36:00Z,2026-05-06T14:30:00Z
27,NT_FW006,6,Arnhem East,NT,BOM,6,No Rating,1,5/5/2026 7:36:00 PM,5/6/2026 2:30:00 PM,2026-05-05T19:36:00Z,2026-05-06T14:30:00Z
28,NT_FW007,7,Katherine Fire Protection Zone,NT,BOM,6,No Rating,1,5/5/2026 7:36:00 PM,5/6/2026 2:30:00 PM,2026-05-05T19:36:00Z,2026-05-06T14:30:00Z
29,NT_FW008,8,Carpentaria West,NT,BOM,6,No Rating,1,5/5/2026 7:36:00 PM,5/6/2026 2:30:00 PM,2026-05-05T19:36:00Z,2026-05-06T14:30:00Z
30,NT_FW009,9,Carpentaria East,NT,BOM,7,No Rating,1,5/5/2026 7:36:00 PM,5/6/2026 2:30:00 PM,2026-05-05T19:36:00Z,2026-05-06T14:30:00Z
31,NT_FW010,10,Gregory North West,NT,BOM,8,No Rating,1,5/5/2026 7:36:00 PM,5/6/2026 2:30:00 PM,2026-05-05T19:36:00Z,2026-05-06T14:30:00Z
32,NT_FW011,11,Gregory South East,NT,BOM,9,No Rating,1,5/5/2026 7:36:00 PM,5/6/2026 2:30:00 PM,2026-05-05T19:36:00Z,2026-05-06T14:30:00Z
33,NT_FW012,12,Barkly North,NT,BOM,14,Moderate,1,5/5/2026 7:36:00 PM,5/6/2026 2:30:00 PM,2026-05-05T19:36:00Z,2026-05-06T14:30:00Z
34,NT_FW013,13,Barkly South,NT,BOM,16,Moderate,1,5/5/2026 7:36:00 PM,5/6/2026 2:30:00 PM,2026-05-05T19:36:00Z,2026-05-06T14:30:00Z
35,NT_FW014,14,Alice Springs Fire Protection Zone,NT,BOM,11,No Rating,1,5/5/2026 7:36:00 PM,5/6/2026 2:30:00 PM,2026-05-05T19:36:00Z,2026-05-06T14:30:00Z
36,NT_FW015,15,Simpson West,NT,BOM,15,Moderate,1,5/5/2026 7:36:00 PM,5/6/2026 2:30:00 PM,2026-05-05T19:36:00Z,2026-05-06T14:30:00Z
37,NT_FW016,16,Simpson East,NT,BOM,21,Moderate,1,5/5/2026 7:36:00 PM,5/6/2026 2:30:00 PM,2026-05-05T19:36:00Z,2026-05-06T14:30:00Z
38,NT_FW017,17,Lasseter West,NT,BOM,14,Moderate,1,5/5/2026 7:36:00 PM,5/6/2026 2:30:00 PM,2026-05-05T19:36:00Z,2026-05-06T14:30:00Z
39,NT_FW018,18,Lasseter East,NT,BOM,14,Moderate,1,5/5/2026 7:36:00 PM,5/6/2026 2:30:00 PM,2026-05-05T19:36:00Z,2026-05-06T14:30:00Z
40,NT_FW019,19,Tanami North,NT,BOM,0,No Rating,1,5/5/2026 7:36:00 PM,5/6/2026 2:30:00 PM,2026-05-05T19:36:00Z,2026-05-06T14:30:00Z
41,NT_FW020,20,Tanami South,NT,BOM,10,No Rating,1,5/5/2026 7:36:00 PM,5/6/2026 2:30:00 PM,2026-05-05T19:36:00Z,2026-05-06T14:30:00Z
42,QLD_FW001,1,Peninsula,QLD,BOM,6,No Rating,1,5/5/2026 2:00:00 PM,5/6/2026 2:00:00 PM,2026-05-05T14:00:00Z,2026-05-06T14:00:00Z
43,QLD_FW002,2,Gulf Country,QLD,BOM,12,Moderate,1,5/5/2026 2:00:00 PM,5/6/2026 2:00:00 PM,2026-05-05T14:00:00Z,2026-05-06T14:00:00Z
44,QLD_FW003,3,Northern Goldfields and Upper Flinders,QLD,BOM,10,No Rating,1,5/5/2026 2:00:00 PM,5/6/2026 2:00:00 PM,2026-05-05T14:00:00Z,2026-05-06T14:00:00Z
45,QLD_FW004,4,North Tropical Coast and Tablelands,QLD,BOM,8,No Rating,1,5/5/2026 2:00:00 PM,5/6/2026 2:00:00 PM,2026-05-05T14:00:00Z,2026-05-06T14:00:00Z
46,QLD_FW005,5,Herbert and Lower Burdekin,QLD,BOM,7,No Rating,1,5/5/2026 2:00:00 PM,5/6/2026 2:00:00 PM,2026-05-05T14:00:00Z,2026-05-06T14:00:00Z
47,QLD_FW006,6,Central Coast and Whitsundays,QLD,BOM,9,No Rating,1,5/5/2026 2:00:00 PM,5/6/2026 2:00:00 PM,2026-05-05T14:00:00Z,2026-05-06T14:00:00Z
48,QLD_FW007,7,Capricornia,QLD,BOM,8,No Rating,1,5/5/2026 2:00:00 PM,5/6/2026 2:00:00 PM,2026-05-05T14:00:00Z,2026-05-06T14:00:00Z
49,QLD_FW008,8,Central Highlands and Coalfields,QLD,BOM,12,Moderate,1,5/5/2026 2:00:00 PM,5/6/2026 2:00:00 PM,2026-05-05T14:00:00Z,2026-05-06T14:00:00Z
50,QLD_FW009,9,Central West,QLD,BOM,12,Moderate,1,5/5/2026 2:00:00 PM,5/6/2026 2:00:00 PM,2026-05-05T14:00:00Z,2026-05-06T14:00:00Z
51,QLD_FW010,10,North West,QLD,BOM,15,Moderate,1,5/5/2026 2:00:00 PM,5/6/2026 2:00:00 PM,2026-05-05T14:00:00Z,2026-05-06T14:00:00Z
52,QLD_FW011,11,Channel Country,QLD,BOM,18,Moderate,1,5/5/2026 2:00:00 PM,5/6/2026 2:00:00 PM,2026-05-05T14:00:00Z,2026-05-06T14:00:00Z
53,QLD_FW012,12,Maranoa and Warrego,QLD,BOM,14,Moderate,1,5/5/2026 2:00:00 PM,5/6/2026 2:00:00 PM,2026-05-05T14:00:00Z,2026-05-06T14:00:00Z
54,QLD_FW013,13,Darling Downs and Granite Belt,QLD,BOM,13,Moderate,1,5/5/2026 2:00:00 PM,5/6/2026 2:00:00 PM,2026-05-05T14:00:00Z,2026-05-06T14:00:00Z
55,QLD_FW014,14,Wide Bay and Burnett,QLD,BOM,12,Moderate,1,5/5/2026 2:00:00 PM,5/6/2026 2:00:00 PM,2026-05-05T14:00:00Z,2026-05-06T14:00:00Z
56,QLD_FW015,15,Southeast Coast,QLD,BOM,9,No Rating,1,5/5/2026 2:00:00 PM,5/6/2026 2:00:00 PM,2026-05-05T14:00:00Z,2026-05-06T14:00:00Z
57,SA_FW001,1,Adelaide Metropolitan,SA,BOM,7,No Rating,1,5/3/2026 2:30:00 PM,5/4/2026 2:30:00 PM,2026-05-03T14:30:00Z,2026-05-04T14:30:00Z
58,SA_FW002,2,Yorke Peninsula,SA,BOM,15,Moderate,1,5/3/2026 2:30:00 PM,5/4/2026 2:30:00 PM,2026-05-03T14:30:00Z,2026-05-04T14:30:00Z
59,SA_FW003,3,Kangaroo Island,SA,BOM,12,Moderate,1,5/3/2026 2:30:00 PM,5/4/2026 2:30:00 PM,2026-05-03T14:30:00Z,2026-05-04T14:30:00Z
60,SA_FW004,4,Upper South East,SA,BOM,10,No Rating,1,5/3/2026 2:30:00 PM,5/4/2026 2:30:00 PM,2026-05-03T14:30:00Z,2026-05-04T14:30:00Z
61,SA_FW005,5,Lower South East,SA,BOM,10,No Rating,1,5/3/2026 2:30:00 PM,5/4/2026 2:30:00 PM,2026-05-03T14:30:00Z,2026-05-04T14:30:00Z
62,SA_FW006,6,Riverland,SA,BOM,11,No Rating,1,5/3/2026 2:30:00 PM,5/4/2026 2:30:00 PM,2026-05-03T14:30:00Z,2026-05-04T14:30:00Z
63,SA_FW007,7,Murraylands,SA,BOM,13,Moderate,1,5/3/2026 2:30:00 PM,5/4/2026 2:30:00 PM,2026-05-03T14:30:00Z,2026-05-04T14:30:00Z
64,SA_FW008,8,Mid North,SA,BOM,9,No Rating,1,5/3/2026 2:30:00 PM,5/4/2026 2:30:00 PM,2026-05-03T14:30:00Z,2026-05-04T14:30:00Z
65,SA_FW009,9,Flinders,SA,BOM,8,No Rating,1,5/3/2026 2:30:00 PM,5/4/2026 2:30:00 PM,2026-05-03T14:30:00Z,2026-05-04T14:30:00Z
66,SA_FW010,10,West Coast,SA,BOM,13,Moderate,1,5/3/2026 2:30:00 PM,5/4/2026 2:30:00 PM,2026-05-03T14:30:00Z,2026-05-04T14:30:00Z
67,SA_FW011,11,Eastern Eyre Peninsula,SA,BOM,11,No Rating,1,5/3/2026 2:30:00 PM,5/4/2026 2:30:00 PM,2026-05-03T14:30:00Z,2026-05-04T14:30:00Z
68,SA_FW012,12,Lower Eyre Peninsula,SA,BOM,11,No Rating,1,5/3/2026 2:30:00 PM,5/4/2026 2:30:00 PM,2026-05-03T14:30:00Z,2026-05-04T14:30:00Z
69,SA_FW013,13,North West Pastoral,SA,BOM,12,Moderate,1,5/3/2026 2:30:00 PM,5/4/2026 2:30:00 PM,2026-05-03T14:30:00Z,2026-05-04T14:30:00Z
70,SA_FW014,14,North East Pastoral,SA,BOM,15,Moderate,1,5/3/2026 2:30:00 PM,5/4/2026 2:30:00 PM,2026-05-03T14:30:00Z,2026-05-04T14:30:00Z
71,SA_FW015,15,Mount Lofty Ranges,SA,BOM,10,No Rating,1,5/3/2026 2:30:00 PM,5/4/2026 2:30:00 PM,2026-05-03T14:30:00Z,2026-05-04T14:30:00Z
72,TAS_FW001,1,Furneaux Islands,TAS,BOM,12,Moderate,1,5/5/2026 2:00:00 PM,5/6/2026 2:00:00 PM,2026-05-05T14:00:00Z,2026-05-06T14:00:00Z
73,TAS_FW002,2,North East,TAS,BOM,11,No Rating,1,5/5/2026 2:00:00 PM,5/6/2026 2:00:00 PM,2026-05-05T14:00:00Z,2026-05-06T14:00:00Z
74,TAS_FW003,3,East Coast,TAS,BOM,18,Moderate,1,5/5/2026 2:00:00 PM,5/6/2026 2:00:00 PM,2026-05-05T14:00:00Z,2026-05-06T14:00:00Z
75,TAS_FW004,4,Central North,TAS,BOM,13,Moderate,1,5/5/2026 2:00:00 PM,5/6/2026 2:00:00 PM,2026-05-05T14:00:00Z,2026-05-06T14:00:00Z
76,TAS_FW005,5,Midlands,TAS,BOM,18,Moderate,1,5/5/2026 2:00:00 PM,5/6/2026 2:00:00 PM,2026-05-05T14:00:00Z,2026-05-06T14:00:00Z
77,TAS_FW006,6,South East,TAS,BOM,17,Moderate,1,5/5/2026 2:00:00 PM,5/6/2026 2:00:00 PM,2026-05-05T14:00:00Z,2026-05-06T14:00:00Z
78,TAS_FW007,7,Upper Derwent Valley,TAS,BOM,16,Moderate,1,5/5/2026 2:00:00 PM,5/6/2026 2:00:00 PM,2026-05-05T14:00:00Z,2026-05-06T14:00:00Z
79,TAS_FW008,8,Central Plateau,TAS,BOM,13,Moderate,1,5/5/2026 2:00:00 PM,5/6/2026 2:00:00 PM,2026-05-05T14:00:00Z,2026-05-06T14:00:00Z
80,TAS_FW009,9,Western,TAS,BOM,12,Moderate,1,5/5/2026 2:00:00 PM,5/6/2026 2:00:00 PM,2026-05-05T14:00:00Z,2026-05-06T14:00:00Z
81,TAS_FW010,10,North West Coast,TAS,BOM,6,No Rating,1,5/5/2026 2:00:00 PM,5/6/2026 2:00:00 PM,2026-05-05T14:00:00Z,2026-05-06T14:00:00Z
82,TAS_FW011,11,King Island,TAS,BOM,6,No Rating,1,5/5/2026 2:00:00 PM,5/6/2026 2:00:00 PM,2026-05-05T14:00:00Z,2026-05-06T14:00:00Z
83,VIC_FW001,1,Mallee,VIC,BOM,18,Moderate,1,5/3/2026 7:41:00 PM,5/4/2026 2:00:00 PM,2026-05-03T19:41:00Z,2026-05-04T14:00:00Z
84,VIC_FW002,2,Wimmera,VIC,BOM,19,Moderate,1,5/3/2026 7:41:00 PM,5/4/2026 2:00:00 PM,2026-05-03T19:41:00Z,2026-05-04T14:00:00Z
85,VIC_FW003,3,Northern Country,VIC,BOM,16,Moderate,1,5/3/2026 7:41:00 PM,5/4/2026 2:00:00 PM,2026-05-03T19:41:00Z,2026-05-04T14:00:00Z
86,VIC_FW004,4,North East,VIC,BOM,6,No Rating,1,5/3/2026 7:41:00 PM,5/4/2026 2:00:00 PM,2026-05-03T19:41:00Z,2026-05-04T14:00:00Z
87,VIC_FW005,5,East Gippsland,VIC,BOM,11,No Rating,1,5/3/2026 7:41:00 PM,5/4/2026 2:00:00 PM,2026-05-03T19:41:00Z,2026-05-04T14:00:00Z
88,VIC_FW006,6,West and South Gippsland,VIC,BOM,20,Moderate,1,5/3/2026 7:41:00 PM,5/4/2026 2:00:00 PM,2026-05-03T19:41:00Z,2026-05-04T14:00:00Z
89,VIC_FW007,7,Central,VIC,BOM,22,Moderate,1,5/3/2026 7:41:00 PM,5/4/2026 2:00:00 PM,2026-05-03T19:41:00Z,2026-05-04T14:00:00Z
90,VIC_FW008,8,North Central,VIC,BOM,13,Moderate,1,5/3/2026 7:41:00 PM,5/4/2026 2:00:00 PM,2026-05-03T19:41:00Z,2026-05-04T14:00:00Z
91,VIC_FW009,9,South West,VIC,BOM,18,Moderate,1,5/3/2026 7:41:00 PM,5/4/2026 2:00:00 PM,2026-05-03T19:41:00Z,2026-05-04T14:00:00Z
92,WA_FW041,1,North Kimberley,WA,DFES,6,No Rating,1,5/5/2026 9:36:00 PM,5/6/2026 4:00:00 PM,2026-05-05T21:36:00Z,2026-05-06T16:00:00Z
93,WA_FW042,2,Derby Coast,WA,DFES,6,No Rating,1,5/5/2026 9:36:00 PM,5/6/2026 4:00:00 PM,2026-05-05T21:36:00Z,2026-05-06T16:00:00Z
94,WA_FW043,3,Broome Coast,WA,DFES,4,No Rating,1,5/5/2026 9:36:00 PM,5/6/2026 4:00:00 PM,2026-05-05T21:36:00Z,2026-05-06T16:00:00Z
95,WA_FW044,6,Hedland,WA,DFES,23,Moderate,1,5/5/2026 9:36:00 PM,5/6/2026 4:00:00 PM,2026-05-05T21:36:00Z,2026-05-06T16:00:00Z
96,WA_FW045,7,Burrup,WA,DFES,20,Moderate,1,5/5/2026 9:36:00 PM,5/6/2026 4:00:00 PM,2026-05-05T21:36:00Z,2026-05-06T16:00:00Z
97,WA_FW046,9,Ashburton Coast,WA,DFES,16,Moderate,1,5/5/2026 9:36:00 PM,5/6/2026 4:00:00 PM,2026-05-05T21:36:00Z,2026-05-06T16:00:00Z
98,WA_FW047,5,Central Pilbara,WA,DFES,26,High,1,5/5/2026 9:36:00 PM,5/6/2026 4:00:00 PM,2026-05-05T21:36:00Z,2026-05-06T16:00:00Z
99,WA_FW048,12,Gascoyne Coast,WA,DFES,26,High,1,5/5/2026 9:36:00 PM,5/6/2026 4:00:00 PM,2026-05-05T21:36:00Z,2026-05-06T16:00:00Z
100,WA_FW049,13,Gascoyne Inland,WA,DFES,24,High,1,5/5/2026 9:36:00 PM,5/6/2026 4:00:00 PM,2026-05-05T21:36:00Z,2026-05-06T16:00:00Z
101,WA_FW050,14,Yalgar,WA,DFES,23,Moderate,1,5/5/2026 9:36:00 PM,5/6/2026 4:00:00 PM,2026-05-05T21:36:00Z,2026-05-06T16:00:00Z
102,WA_FW051,17,West Interior,WA,DFES,23,Moderate,1,5/5/2026 9:36:00 PM,5/6/2026 4:00:00 PM,2026-05-05T21:36:00Z,2026-05-06T16:00:00Z
103,WA_FW052,18,Central Interior,WA,DFES,25,High,1,5/5/2026 9:36:00 PM,5/6/2026 4:00:00 PM,2026-05-05T21:36:00Z,2026-05-06T16:00:00Z
104,WA_FW053,21,Midwest Coast,WA,DFES,24,High,1,5/5/2026 9:36:00 PM,5/6/2026 4:00:00 PM,2026-05-05T21:36:00Z,2026-05-06T16:00:00Z
105,WA_FW054,22,Midwest Inland,WA,DFES,22,Moderate,1,5/5/2026 9:36:00 PM,5/6/2026 4:00:00 PM,2026-05-05T21:36:00Z,2026-05-06T16:00:00Z
106,WA_FW055,23,Lesueur,WA,DFES,20,Moderate,1,5/5/2026 9:36:00 PM,5/6/2026 4:00:00 PM,2026-05-05T21:36:00Z,2026-05-06T16:00:00Z
107,WA_FW056,24,Yarra Yarra,WA,DFES,19,Moderate,1,5/5/2026 9:36:00 PM,5/6/2026 4:00:00 PM,2026-05-05T21:36:00Z,2026-05-06T16:00:00Z
108,WA_FW057,34,Mortlock,WA,DFES,19,Moderate,1,5/5/2026 9:36:00 PM,5/6/2026 4:00:00 PM,2026-05-05T21:36:00Z,2026-05-06T16:00:00Z
109,WA_FW058,35,Karroun,WA,DFES,15,Moderate,1,5/5/2026 9:36:00 PM,5/6/2026 4:00:00 PM,2026-05-05T21:36:00Z,2026-05-06T16:00:00Z
110,WA_FW059,37,Lockwood,WA,DFES,15,Moderate,1,5/5/2026 9:36:00 PM,5/6/2026 4:00:00 PM,2026-05-05T21:36:00Z,2026-05-06T16:00:00Z
111,WA_FW060,15,North Goldfields,WA,DFES,18,Moderate,1,5/5/2026 9:36:00 PM,5/6/2026 4:00:00 PM,2026-05-05T21:36:00Z,2026-05-06T16:00:00Z
112,WA_FW061,16,South Goldfields,WA,DFES,5,No Rating,1,5/5/2026 9:36:00 PM,5/6/2026 4:00:00 PM,2026-05-05T21:36:00Z,2026-05-06T16:00:00Z
113,WA_FW062,19,South Interior,WA,DFES,19,Moderate,1,5/5/2026 9:36:00 PM,5/6/2026 4:00:00 PM,2026-05-05T21:36:00Z,2026-05-06T16:00:00Z
114,WA_FW063,25,Swan Coastal North,WA,DFES,14,Moderate,1,5/5/2026 9:36:00 PM,5/6/2026 4:00:00 PM,2026-05-05T21:36:00Z,2026-05-06T16:00:00Z
115,WA_FW064,26,Swan Inland North,WA,DFES,18,Moderate,1,5/5/2026 9:36:00 PM,5/6/2026 4:00:00 PM,2026-05-05T21:36:00Z,2026-05-06T16:00:00Z
116,WA_FW066,27,Swan Coastal South,WA,DFES,12,Moderate,1,5/5/2026 9:36:00 PM,5/6/2026 4:00:00 PM,2026-05-05T21:36:00Z,2026-05-06T16:00:00Z
117,WA_FW067,28,Swan Inland South,WA,DFES,15,Moderate,1,5/5/2026 9:36:00 PM,5/6/2026 4:00:00 PM,2026-05-05T21:36:00Z,2026-05-06T16:00:00Z
118,WA_FW068,31,Brockman,WA,DFES,16,Moderate,1,5/5/2026 9:36:00 PM,5/6/2026 4:00:00 PM,2026-05-05T21:36:00Z,2026-05-06T16:00:00Z
119,WA_FW069,30,Capes,WA,DFES,16,Moderate,1,5/5/2026 9:36:00 PM,5/6/2026 4:00:00 PM,2026-05-05T21:36:00Z,2026-05-06T16:00:00Z
120,WA_FW070,33,Southern Forests,WA,DFES,15,Moderate,1,5/5/2026 9:36:00 PM,5/6/2026 4:00:00 PM,2026-05-05T21:36:00Z,2026-05-06T16:00:00Z
121,WA_FW071,32,Blackwood,WA,DFES,15,Moderate,1,5/5/2026 9:36:00 PM,5/6/2026 4:00:00 PM,2026-05-05T21:36:00Z,2026-05-06T16:00:00Z
122,WA_FW072,38,Arthur,WA,DFES,13,Moderate,1,5/5/2026 9:36:00 PM,5/6/2026 4:00:00 PM,2026-05-05T21:36:00Z,2026-05-06T16:00:00Z
123,WA_FW073,42,Stirling West,WA,DFES,12,Moderate,1,5/5/2026 9:36:00 PM,5/6/2026 4:00:00 PM,2026-05-05T21:36:00Z,2026-05-06T16:00:00Z
124,WA_FW074,41,Stirling North,WA,DFES,14,Moderate,1,5/5/2026 9:36:00 PM,5/6/2026 4:00:00 PM,2026-05-05T21:36:00Z,2026-05-06T16:00:00Z
125,WA_FW075,44,Fitzgerald Coast,WA,DFES,12,Moderate,1,5/5/2026 9:36:00 PM,5/6/2026 4:00:00 PM,2026-05-05T21:36:00Z,2026-05-06T16:00:00Z
126,WA_FW076,45,Fitzgerald Inland,WA,DFES,12,Moderate,1,5/5/2026 9:36:00 PM,5/6/2026 4:00:00 PM,2026-05-05T21:36:00Z,2026-05-06T16:00:00Z
127,WA_FW077,46,Esperance Coast,WA,DFES,12,Moderate,1,5/5/2026 9:36:00 PM,5/6/2026 4:00:00 PM,2026-05-05T21:36:00Z,2026-05-06T16:00:00Z
128,WA_FW078,47,Esperance Inland,WA,DFES,11,No Rating,1,5/5/2026 9:36:00 PM,5/6/2026 4:00:00 PM,2026-05-05T21:36:00Z,2026-05-06T16:00:00Z
129,WA_FW079,4,Kimberley Inland,WA,DFES,8,No Rating,1,5/5/2026 9:36:00 PM,5/6/2026 4:00:00 PM,2026-05-05T21:36:00Z,2026-05-06T16:00:00Z
130,WA_FW080,8,Ashburton Inland,WA,DFES,23,Moderate,1,5/5/2026 9:36:00 PM,5/6/2026 4:00:00 PM,2026-05-05T21:36:00Z,2026-05-06T16:00:00Z
131,WA_FW081,10,Exmouth Gulf Coast,WA,DFES,17,Moderate,1,5/5/2026 9:36:00 PM,5/6/2026 4:00:00 PM,2026-05-05T21:36:00Z,2026-05-06T16:00:00Z
132,WA_FW082,20,Eucla,WA,DFES,7,No Rating,1,5/5/2026 9:36:00 PM,5/6/2026 4:00:00 PM,2026-05-05T21:36:00Z,2026-05-06T16:00:00Z
133,WA_FW083,11,North Interior,WA,DFES,22,Moderate,1,5/5/2026 9:36:00 PM,5/6/2026 4:00:00 PM,2026-05-05T21:36:00Z,2026-05-06T16:00:00Z
134,WA_FW084,29,Geographe,WA,DFES,16,Moderate,1,5/5/2026 9:36:00 PM,5/6/2026 4:00:00 PM,2026-05-05T21:36:00Z,2026-05-06T16:00:00Z
135,WA_FW085,43,Stirling Coast,WA,DFES,12,Moderate,1,5/5/2026 9:36:00 PM,5/6/2026 4:00:00 PM,2026-05-05T21:36:00Z,2026-05-06T16:00:00Z
136,WA_FW086,39,Roe,WA,DFES,14,Moderate,1,5/5/2026 9:36:00 PM,5/6/2026 4:00:00 PM,2026-05-05T21:36:00Z,2026-05-06T16:00:00Z
137,WA_FW087,40,Lakes,WA,DFES,13,Moderate,1,5/5/2026 9:36:00 PM,5/6/2026 4:00:00 PM,2026-05-05T21:36:00Z,2026-05-06T16:00:00Z
138,WA_FW088,36,Avon,WA,DFES,16,Moderate,1,5/5/2026 9:36:00 PM,5/6/2026 4:00:00 PM,2026-05-05T21:36:00Z,2026-05-06T16:00:00Z
139,NSW_FW001,1,Far North Coast,NSW,RFS,16,Moderate,2,5/6/2026 2:00:00 PM,5/7/2026 2:00:00 PM,2026-05-06T14:00:00Z,2026-05-07T14:00:00Z
140,NSW_FW002,2,North Coast,NSW,RFS,22,Moderate,2,5/6/2026 2:00:00 PM,5/7/2026 2:00:00 PM,2026-05-06T14:00:00Z,2026-05-07T14:00:00Z
141,NSW_FW003,3,Greater Hunter,NSW,RFS,30,High,2,5/6/2026 2:00:00 PM,5/7/2026 2:00:00 PM,2026-05-06T14:00:00Z,2026-05-07T14:00:00Z
142,NSW_FW004,4,Greater Sydney Region,NSW,RFS,25,High,2,5/6/2026 2:00:00 PM,5/7/2026 2:00:00 PM,2026-05-06T14:00:00Z,2026-05-07T14:00:00Z
143,NSW_FW005,5,Illawarra/Shoalhaven,NSW,RFS,25,High,2,5/6/2026 2:00:00 PM,5/7/2026 2:00:00 PM,2026-05-06T14:00:00Z,2026-05-07T14:00:00Z
144,NSW_FW006,6,Far South Coast,NSW,RFS,13,Moderate,2,5/6/2026 2:00:00 PM,5/7/2026 2:00:00 PM,2026-05-06T14:00:00Z,2026-05-07T14:00:00Z
145,NSW_FW007,7,Monaro Alpine,NSW,RFS,13,Moderate,2,5/6/2026 2:00:00 PM,5/7/2026 2:00:00 PM,2026-05-06T14:00:00Z,2026-05-07T14:00:00Z
146,NSW_FW008,8,Australian Capital Territory,ACT,RFS,12,Moderate,2,5/6/2026 2:00:00 PM,5/7/2026 2:00:00 PM,2026-05-06T14:00:00Z,2026-05-07T14:00:00Z
147,NSW_FW009,9,Southern Ranges,NSW,RFS,18,Moderate,2,5/6/2026 2:00:00 PM,5/7/2026 2:00:00 PM,2026-05-06T14:00:00Z,2026-05-07T14:00:00Z
148,NSW_FW010,10,Central Ranges,NSW,RFS,21,Moderate,2,5/6/2026 2:00:00 PM,5/7/2026 2:00:00 PM,2026-05-06T14:00:00Z,2026-05-07T14:00:00Z
149,NSW_FW011,11,New England,NSW,RFS,22,Moderate,2,5/6/2026 2:00:00 PM,5/7/2026 2:00:00 PM,2026-05-06T14:00:00Z,2026-05-07T14:00:00Z
150,NSW_FW012,12,Northern Slopes,NSW,RFS,25,High,2,5/6/2026 2:00:00 PM,5/7/2026 2:00:00 PM,2026-05-06T14:00:00Z,2026-05-07T14:00:00Z
151,NSW_FW013,13,North Western,NSW,RFS,23,Moderate,2,5/6/2026 2:00:00 PM,5/7/2026 2:00:00 PM,2026-05-06T14:00:00Z,2026-05-07T14:00:00Z
152,NSW_FW014,14,Upper Central West Plains,NSW,RFS,21,Moderate,2,5/6/2026 2:00:00 PM,5/7/2026 2:00:00 PM,2026-05-06T14:00:00Z,2026-05-07T14:00:00Z
153,NSW_FW015,15,Lower Central West Plains,NSW,RFS,18,Moderate,2,5/6/2026 2:00:00 PM,5/7/2026 2:00:00 PM,2026-05-06T14:00:00Z,2026-05-07T14:00:00Z
154,NSW_FW016,16,Southern Slopes,NSW,RFS,8,No Rating,2,5/6/2026 2:00:00 PM,5/7/2026 2:00:00 PM,2026-05-06T14:00:00Z,2026-05-07T14:00:00Z
155,NSW_FW017,17,Eastern Riverina,NSW,RFS,12,Moderate,2,5/6/2026 2:00:00 PM,5/7/2026 2:00:00 PM,2026-05-06T14:00:00Z,2026-05-07T14:00:00Z
156,NSW_FW018,18,Southern Riverina,NSW,RFS,14,Moderate,2,5/6/2026 2:00:00 PM,5/7/2026 2:00:00 PM,2026-05-06T14:00:00Z,2026-05-07T14:00:00Z
157,NSW_FW019,19,Northern Riverina,NSW,RFS,14,Moderate,2,5/6/2026 2:00:00 PM,5/7/2026 2:00:00 PM,2026-05-06T14:00:00Z,2026-05-07T14:00:00Z
158,NSW_FW020,20,South Western,NSW,RFS,13,Moderate,2,5/6/2026 2:00:00 PM,5/7/2026 2:00:00 PM,2026-05-06T14:00:00Z,2026-05-07T14:00:00Z
159,NSW_FW021,21,Far Western,NSW,RFS,11,No Rating,2,5/6/2026 2:00:00 PM,5/7/2026 2:00:00 PM,2026-05-06T14:00:00Z,2026-05-07T14:00:00Z
160,NT_FW001,1,Darwin and Adelaide River,NT,BOM,10,No Rating,2,5/6/2026 2:30:00 PM,5/7/2026 2:30:00 PM,2026-05-06T14:30:00Z,2026-05-07T14:30:00Z
161,NT_FW002,2,Northern Fire Protection Area,NT,BOM,6,No Rating,2,5/6/2026 2:30:00 PM,5/7/2026 2:30:00 PM,2026-05-06T14:30:00Z,2026-05-07T14:30:00Z
162,NT_FW003,3,Daly South,NT,BOM,7,No Rating,2,5/6/2026 2:30:00 PM,5/7/2026 2:30:00 PM,2026-05-06T14:30:00Z,2026-05-07T14:30:00Z
163,NT_FW004,4,Tiwi,NT,BOM,6,No Rating,2,5/6/2026 2:30:00 PM,5/7/2026 2:30:00 PM,2026-05-06T14:30:00Z,2026-05-07T14:30:00Z
164,NT_FW005,5,Arnhem West,NT,BOM,6,No Rating,2,5/6/2026 2:30:00 PM,5/7/2026 2:30:00 PM,2026-05-06T14:30:00Z,2026-05-07T14:30:00Z
165,NT_FW006,6,Arnhem East,NT,BOM,6,No Rating,2,5/6/2026 2:30:00 PM,5/7/2026 2:30:00 PM,2026-05-06T14:30:00Z,2026-05-07T14:30:00Z
166,NT_FW007,7,Katherine Fire Protection Zone,NT,BOM,6,No Rating,2,5/6/2026 2:30:00 PM,5/7/2026 2:30:00 PM,2026-05-06T14:30:00Z,2026-05-07T14:30:00Z
167,NT_FW008,8,Carpentaria West,NT,BOM,6,No Rating,2,5/6/2026 2:30:00 PM,5/7/2026 2:30:00 PM,2026-05-06T14:30:00Z,2026-05-07T14:30:00Z
168,NT_FW009,9,Carpentaria East,NT,BOM,7,No Rating,2,5/6/2026 2:30:00 PM,5/7/2026 2:30:00 PM,2026-05-06T14:30:00Z,2026-05-07T14:30:00Z
169,NT_FW010,10,Gregory North West,NT,BOM,8,No Rating,2,5/6/2026 2:30:00 PM,5/7/2026 2:30:00 PM,2026-05-06T14:30:00Z,2026-05-07T14:30:00Z
170,NT_FW011,11,Gregory South East,NT,BOM,9,No Rating,2,5/6/2026 2:30:00 PM,5/7/2026 2:30:00 PM,2026-05-06T14:30:00Z,2026-05-07T14:30:00Z
171,NT_FW012,12,Barkly North,NT,BOM,16,Moderate,2,5/6/2026 2:30:00 PM,5/7/2026 2:30:00 PM,2026-05-06T14:30:00Z,2026-05-07T14:30:00Z
172,NT_FW013,13,Barkly South,NT,BOM,19,Moderate,2,5/6/2026 2:30:00 PM,5/7/2026 2:30:00 PM,2026-05-06T14:30:00Z,2026-05-07T14:30:00Z
173,NT_FW014,14,Alice Springs Fire Protection Zone,NT,BOM,17,Moderate,2,5/6/2026 2:30:00 PM,5/7/2026 2:30:00 PM,2026-05-06T14:30:00Z,2026-05-07T14:30:00Z
174,NT_FW015,15,Simpson West,NT,BOM,21,Moderate,2,5/6/2026 2:30:00 PM,5/7/2026 2:30:00 PM,2026-05-06T14:30:00Z,2026-05-07T14:30:00Z
175,NT_FW016,16,Simpson East,NT,BOM,30,High,2,5/6/2026 2:30:00 PM,5/7/2026 2:30:00 PM,2026-05-06T14:30:00Z,2026-05-07T14:30:00Z
176,NT_FW017,17,Lasseter West,NT,BOM,18,Moderate,2,5/6/2026 2:30:00 PM,5/7/2026 2:30:00 PM,2026-05-06T14:30:00Z,2026-05-07T14:30:00Z
177,NT_FW018,18,Lasseter East,NT,BOM,20,Moderate,2,5/6/2026 2:30:00 PM,5/7/2026 2:30:00 PM,2026-05-06T14:30:00Z,2026-05-07T14:30:00Z
178,NT_FW019,19,Tanami North,NT,BOM,0,No Rating,2,5/6/2026 2:30:00 PM,5/7/2026 2:30:00 PM,2026-05-06T14:30:00Z,2026-05-07T14:30:00Z
179,NT_FW020,20,Tanami South,NT,BOM,13,Moderate,2,5/6/2026 2:30:00 PM,5/7/2026 2:30:00 PM,2026-05-06T14:30:00Z,2026-05-07T14:30:00Z
180,QLD_FW001,1,Peninsula,QLD,BOM,6,No Rating,2,5/6/2026 2:00:00 PM,5/7/2026 2:00:00 PM,2026-05-06T14:00:00Z,2026-05-07T14:00:00Z
181,QLD_FW002,2,Gulf Country,QLD,BOM,13,Moderate,2,5/6/2026 2:00:00 PM,5/7/2026 2:00:00 PM,2026-05-06T14:00:00Z,2026-05-07T14:00:00Z
182,QLD_FW003,3,Northern Goldfields and Upper Flinders,QLD,BOM,12,Moderate,2,5/6/2026 2:00:00 PM,5/7/2026 2:00:00 PM,2026-05-06T14:00:00Z,2026-05-07T14:00:00Z
183,QLD_FW004,4,North Tropical Coast and Tablelands,QLD,BOM,8,No Rating,2,5/6/2026 2:00:00 PM,5/7/2026 2:00:00 PM,2026-05-06T14:00:00Z,2026-05-07T14:00:00Z
184,QLD_FW005,5,Herbert and Lower Burdekin,QLD,BOM,6,No Rating,2,5/6/2026 2:00:00 PM,5/7/2026 2:00:00 PM,2026-05-06T14:00:00Z,2026-05-07T14:00:00Z
185,QLD_FW006,6,Central Coast and Whitsundays,QLD,BOM,9,No Rating,2,5/6/2026 2:00:00 PM,5/7/2026 2:00:00 PM,2026-05-06T14:00:00Z,2026-05-07T14:00:00Z
186,QLD_FW007,7,Capricornia,QLD,BOM,9,No Rating,2,5/6/2026 2:00:00 PM,5/7/2026 2:00:00 PM,2026-05-06T14:00:00Z,2026-05-07T14:00:00Z
187,QLD_FW008,8,Central Highlands and Coalfields,QLD,BOM,13,Moderate,2,5/6/2026 2:00:00 PM,5/7/2026 2:00:00 PM,2026-05-06T14:00:00Z,2026-05-07T14:00:00Z
188,QLD_FW009,9,Central West,QLD,BOM,18,Moderate,2,5/6/2026 2:00:00 PM,5/7/2026 2:00:00 PM,2026-05-06T14:00:00Z,2026-05-07T14:00:00Z
189,QLD_FW010,10,North West,QLD,BOM,20,Moderate,2,5/6/2026 2:00:00 PM,5/7/2026 2:00:00 PM,2026-05-06T14:00:00Z,2026-05-07T14:00:00Z
190,QLD_FW011,11,Channel Country,QLD,BOM,29,High,2,5/6/2026 2:00:00 PM,5/7/2026 2:00:00 PM,2026-05-06T14:00:00Z,2026-05-07T14:00:00Z
191,QLD_FW012,12,Maranoa and Warrego,QLD,BOM,20,Moderate,2,5/6/2026 2:00:00 PM,5/7/2026 2:00:00 PM,2026-05-06T14:00:00Z,2026-05-07T14:00:00Z
192,QLD_FW013,13,Darling Downs and Granite Belt,QLD,BOM,19,Moderate,2,5/6/2026 2:00:00 PM,5/7/2026 2:00:00 PM,2026-05-06T14:00:00Z,2026-05-07T14:00:00Z
193,QLD_FW014,14,Wide Bay and Burnett,QLD,BOM,12,Moderate,2,5/6/2026 2:00:00 PM,5/7/2026 2:00:00 PM,2026-05-06T14:00:00Z,2026-05-07T14:00:00Z
194,QLD_FW015,15,Southeast Coast,QLD,BOM,12,Moderate,2,5/6/2026 2:00:00 PM,5/7/2026 2:00:00 PM,2026-05-06T14:00:00Z,2026-05-07T14:00:00Z
195,SA_FW001,1,Adelaide Metropolitan,SA,BOM,6,No Rating,2,5/4/2026 2:30:00 PM,5/5/2026 2:30:00 PM,2026-05-04T14:30:00Z,2026-05-05T14:30:00Z
196,SA_FW002,2,Yorke Peninsula,SA,BOM,12,Moderate,2,5/4/2026 2:30:00 PM,5/5/2026 2:30:00 PM,2026-05-04T14:30:00Z,2026-05-05T14:30:00Z
197,SA_FW003,3,Kangaroo Island,SA,BOM,9,No Rating,2,5/4/2026 2:30:00 PM,5/5/2026 2:30:00 PM,2026-05-04T14:30:00Z,2026-05-05T14:30:00Z
198,SA_FW004,4,Upper South East,SA,BOM,8,No Rating,2,5/4/2026 2:30:00 PM,5/5/2026 2:30:00 PM,2026-05-04T14:30:00Z,2026-05-05T14:30:00Z
199,SA_FW005,5,Lower South East,SA,BOM,7,No Rating,2,5/4/2026 2:30:00 PM,5/5/2026 2:30:00 PM,2026-05-04T14:30:00Z,2026-05-05T14:30:00Z
200,SA_FW006,6,Riverland,SA,BOM,8,No Rating,2,5/4/2026 2:30:00 PM,5/5/2026 2:30:00 PM,2026-05-04T14:30:00Z,2026-05-05T14:30:00Z
201,SA_FW007,7,Murraylands,SA,BOM,10,No Rating,2,5/4/2026 2:30:00 PM,5/5/2026 2:30:00 PM,2026-05-04T14:30:00Z,2026-05-05T14:30:00Z
202,SA_FW008,8,Mid North,SA,BOM,8,No Rating,2,5/4/2026 2:30:00 PM,5/5/2026 2:30:00 PM,2026-05-04T14:30:00Z,2026-05-05T14:30:00Z
203,SA_FW009,9,Flinders,SA,BOM,7,No Rating,2,5/4/2026 2:30:00 PM,5/5/2026 2:30:00 PM,2026-05-04T14:30:00Z,2026-05-05T14:30:00Z
204,SA_FW010,10,West Coast,SA,BOM,10,No Rating,2,5/4/2026 2:30:00 PM,5/5/2026 2:30:00 PM,2026-05-04T14:30:00Z,2026-05-05T14:30:00Z
205,SA_FW011,11,Eastern Eyre Peninsula,SA,BOM,9,No Rating,2,5/4/2026 2:30:00 PM,5/5/2026 2:30:00 PM,2026-05-04T14:30:00Z,2026-05-05T14:30:00Z
206,SA_FW012,12,Lower Eyre Peninsula,SA,BOM,9,No Rating,2,5/4/2026 2:30:00 PM,5/5/2026 2:30:00 PM,2026-05-04T14:30:00Z,2026-05-05T14:30:00Z
207,SA_FW013,13,North West Pastoral,SA,BOM,9,No Rating,2,5/4/2026 2:30:00 PM,5/5/2026 2:30:00 PM,2026-05-04T14:30:00Z,2026-05-05T14:30:00Z
208,SA_FW014,14,North East Pastoral,SA,BOM,14,Moderate,2,5/4/2026 2:30:00 PM,5/5/2026 2:30:00 PM,2026-05-04T14:30:00Z,2026-05-05T14:30:00Z
209,SA_FW015,15,Mount Lofty Ranges,SA,BOM,11,No Rating,2,5/4/2026 2:30:00 PM,5/5/2026 2:30:00 PM,2026-05-04T14:30:00Z,2026-05-05T14:30:00Z
210,TAS_FW001,1,Furneaux Islands,TAS,BOM,16,Moderate,2,5/6/2026 2:00:00 PM,5/7/2026 2:00:00 PM,2026-05-06T14:00:00Z,2026-05-07T14:00:00Z
211,TAS_FW002,2,North East,TAS,BOM,13,Moderate,2,5/6/2026 2:00:00 PM,5/7/2026 2:00:00 PM,2026-05-06T14:00:00Z,2026-05-07T14:00:00Z
212,TAS_FW003,3,East Coast,TAS,BOM,19,Moderate,2,5/6/2026 2:00:00 PM,5/7/2026 2:00:00 PM,2026-05-06T14:00:00Z,2026-05-07T14:00:00Z
213,TAS_FW004,4,Central North,TAS,BOM,15,Moderate,2,5/6/2026 2:00:00 PM,5/7/2026 2:00:00 PM,2026-05-06T14:00:00Z,2026-05-07T14:00:00Z
214,TAS_FW005,5,Midlands,TAS,BOM,18,Moderate,2,5/6/2026 2:00:00 PM,5/7/2026 2:00:00 PM,2026-05-06T14:00:00Z,2026-05-07T14:00:00Z
215,TAS_FW006,6,South East,TAS,BOM,19,Moderate,2,5/6/2026 2:00:00 PM,5/7/2026 2:00:00 PM,2026-05-06T14:00:00Z,2026-05-07T14:00:00Z
216,TAS_FW007,7,Upper Derwent Valley,TAS,BOM,15,Moderate,2,5/6/2026 2:00:00 PM,5/7/2026 2:00:00 PM,2026-05-06T14:00:00Z,2026-05-07T14:00:00Z
217,TAS_FW008,8,Central Plateau,TAS,BOM,14,Moderate,2,5/6/2026 2:00:00 PM,5/7/2026 2:00:00 PM,2026-05-06T14:00:00Z,2026-05-07T14:00:00Z
218,TAS_FW009,9,Western,TAS,BOM,9,No Rating,2,5/6/2026 2:00:00 PM,5/7/2026 2:00:00 PM,2026-05-06T14:00:00Z,2026-05-07T14:00:00Z
219,TAS_FW010,10,North West Coast,TAS,BOM,7,No Rating,2,5/6/2026 2:00:00 PM,5/7/2026 2:00:00 PM,2026-05-06T14:00:00Z,2026-05-07T14:00:00Z
220,TAS_FW011,11,King Island,TAS,BOM,6,No Rating,2,5/6/2026 2:00:00 PM,5/7/2026 2:00:00 PM,2026-05-06T14:00:00Z,2026-05-07T14:00:00Z
221,VIC_FW001,1,Mallee,VIC,BOM,13,Moderate,2,5/4/2026 2:00:00 PM,5/5/2026 2:00:00 PM,2026-05-04T14:00:00Z,2026-05-05T14:00:00Z
222,VIC_FW002,2,Wimmera,VIC,BOM,14,Moderate,2,5/4/2026 2:00:00 PM,5/5/2026 2:00:00 PM,2026-05-04T14:00:00Z,2026-05-05T14:00:00Z
223,VIC_FW003,3,Northern Country,VIC,BOM,11,No Rating,2,5/4/2026 2:00:00 PM,5/5/2026 2:00:00 PM,2026-05-04T14:00:00Z,2026-05-05T14:00:00Z
224,VIC_FW004,4,North East,VIC,BOM,7,No Rating,2,5/4/2026 2:00:00 PM,5/5/2026 2:00:00 PM,2026-05-04T14:00:00Z,2026-05-05T14:00:00Z
225,VIC_FW005,5,East Gippsland,VIC,BOM,13,Moderate,2,5/4/2026 2:00:00 PM,5/5/2026 2:00:00 PM,2026-05-04T14:00:00Z,2026-05-05T14:00:00Z
226,VIC_FW006,6,West and South Gippsland,VIC,BOM,14,Moderate,2,5/4/2026 2:00:00 PM,5/5/2026 2:00:00 PM,2026-05-04T14:00:00Z,2026-05-05T14:00:00Z
227,VIC_FW007,7,Central,VIC,BOM,14,Moderate,2,5/4/2026 2:00:00 PM,5/5/2026 2:00:00 PM,2026-05-04T14:00:00Z,2026-05-05T14:00:00Z
228,VIC_FW008,8,North Central,VIC,BOM,11,No Rating,2,5/4/2026 2:00:00 PM,5/5/2026 2:00:00 PM,2026-05-04T14:00:00Z,2026-05-05T14:00:00Z
229,VIC_FW009,9,South West,VIC,BOM,13,Moderate,2,5/4/2026 2:00:00 PM,5/5/2026 2:00:00 PM,2026-05-04T14:00:00Z,2026-05-05T14:00:00Z
230,WA_FW041,1,North Kimberley,WA,DFES,6,No Rating,2,5/6/2026 4:00:00 PM,5/7/2026 4:00:00 PM,2026-05-06T16:00:00Z,2026-05-07T16:00:00Z
231,WA_FW042,2,Derby Coast,WA,DFES,7,No Rating,2,5/6/2026 4:00:00 PM,5/7/2026 4:00:00 PM,2026-05-06T16:00:00Z,2026-05-07T16:00:00Z
232,WA_FW043,3,Broome Coast,WA,DFES,7,No Rating,2,5/6/2026 4:00:00 PM,5/7/2026 4:00:00 PM,2026-05-06T16:00:00Z,2026-05-07T16:00:00Z
233,WA_FW044,6,Hedland,WA,DFES,41,High,2,5/6/2026 4:00:00 PM,5/7/2026 4:00:00 PM,2026-05-06T16:00:00Z,2026-05-07T16:00:00Z
234,WA_FW045,7,Burrup,WA,DFES,37,High,2,5/6/2026 4:00:00 PM,5/7/2026 4:00:00 PM,2026-05-06T16:00:00Z,2026-05-07T16:00:00Z
235,WA_FW046,9,Ashburton Coast,WA,DFES,24,High,2,5/6/2026 4:00:00 PM,5/7/2026 4:00:00 PM,2026-05-06T16:00:00Z,2026-05-07T16:00:00Z
236,WA_FW047,5,Central Pilbara,WA,DFES,29,High,2,5/6/2026 4:00:00 PM,5/7/2026 4:00:00 PM,2026-05-06T16:00:00Z,2026-05-07T16:00:00Z
237,WA_FW048,12,Gascoyne Coast,WA,DFES,29,High,2,5/6/2026 4:00:00 PM,5/7/2026 4:00:00 PM,2026-05-06T16:00:00Z,2026-05-07T16:00:00Z
238,WA_FW049,13,Gascoyne Inland,WA,DFES,26,High,2,5/6/2026 4:00:00 PM,5/7/2026 4:00:00 PM,2026-05-06T16:00:00Z,2026-05-07T16:00:00Z
239,WA_FW050,14,Yalgar,WA,DFES,24,High,2,5/6/2026 4:00:00 PM,5/7/2026 4:00:00 PM,2026-05-06T16:00:00Z,2026-05-07T16:00:00Z
240,WA_FW051,17,West Interior,WA,DFES,23,Moderate,2,5/6/2026 4:00:00 PM,5/7/2026 4:00:00 PM,2026-05-06T16:00:00Z,2026-05-07T16:00:00Z
241,WA_FW052,18,Central Interior,WA,DFES,30,High,2,5/6/2026 4:00:00 PM,5/7/2026 4:00:00 PM,2026-05-06T16:00:00Z,2026-05-07T16:00:00Z
242,WA_FW053,21,Midwest Coast,WA,DFES,24,High,2,5/6/2026 4:00:00 PM,5/7/2026 4:00:00 PM,2026-05-06T16:00:00Z,2026-05-07T16:00:00Z
243,WA_FW054,22,Midwest Inland,WA,DFES,23,Moderate,2,5/6/2026 4:00:00 PM,5/7/2026 4:00:00 PM,2026-05-06T16:00:00Z,2026-05-07T16:00:00Z
244,WA_FW055,23,Lesueur,WA,DFES,21,Moderate,2,5/6/2026 4:00:00 PM,5/7/2026 4:00:00 PM,2026-05-06T16:00:00Z,2026-05-07T16:00:00Z
245,WA_FW056,24,Yarra Yarra,WA,DFES,19,Moderate,2,5/6/2026 4:00:00 PM,5/7/2026 4:00:00 PM,2026-05-06T16:00:00Z,2026-05-07T16:00:00Z
246,WA_FW057,34,Mortlock,WA,DFES,19,Moderate,2,5/6/2026 4:00:00 PM,5/7/2026 4:00:00 PM,2026-05-06T16:00:00Z,2026-05-07T16:00:00Z
247,WA_FW058,35,Karroun,WA,DFES,16,Moderate,2,5/6/2026 4:00:00 PM,5/7/2026 4:00:00 PM,2026-05-06T16:00:00Z,2026-05-07T16:00:00Z
248,WA_FW059,37,Lockwood,WA,DFES,16,Moderate,2,5/6/2026 4:00:00 PM,5/7/2026 4:00:00 PM,2026-05-06T16:00:00Z,2026-05-07T16:00:00Z
249,WA_FW060,15,North Goldfields,WA,DFES,16,Moderate,2,5/6/2026 4:00:00 PM,5/7/2026 4:00:00 PM,2026-05-06T16:00:00Z,2026-05-07T16:00:00Z
250,WA_FW061,16,South Goldfields,WA,DFES,6,No Rating,2,5/6/2026 4:00:00 PM,5/7/2026 4:00:00 PM,2026-05-06T16:00:00Z,2026-05-07T16:00:00Z
251,WA_FW062,19,South Interior,WA,DFES,19,Moderate,2,5/6/2026 4:00:00 PM,5/7/2026 4:00:00 PM,2026-05-06T16:00:00Z,2026-05-07T16:00:00Z
252,WA_FW063,25,Swan Coastal North,WA,DFES,15,Moderate,2,5/6/2026 4:00:00 PM,5/7/2026 4:00:00 PM,2026-05-06T16:00:00Z,2026-05-07T16:00:00Z
253,WA_FW064,26,Swan Inland North,WA,DFES,19,Moderate,2,5/6/2026 4:00:00 PM,5/7/2026 4:00:00 PM,2026-05-06T16:00:00Z,2026-05-07T16:00:00Z
254,WA_FW066,27,Swan Coastal South,WA,DFES,12,Moderate,2,5/6/2026 4:00:00 PM,5/7/2026 4:00:00 PM,2026-05-06T16:00:00Z,2026-05-07T16:00:00Z
255,WA_FW067,28,Swan Inland South,WA,DFES,16,Moderate,2,5/6/2026 4:00:00 PM,5/7/2026 4:00:00 PM,2026-05-06T16:00:00Z,2026-05-07T16:00:00Z
256,WA_FW068,31,Brockman,WA,DFES,16,Moderate,2,5/6/2026 4:00:00 PM,5/7/2026 4:00:00 PM,2026-05-06T16:00:00Z,2026-05-07T16:00:00Z
257,WA_FW069,30,Capes,WA,DFES,16,Moderate,2,5/6/2026 4:00:00 PM,5/7/2026 4:00:00 PM,2026-05-06T16:00:00Z,2026-05-07T16:00:00Z
258,WA_FW070,33,Southern Forests,WA,DFES,15,Moderate,2,5/6/2026 4:00:00 PM,5/7/2026 4:00:00 PM,2026-05-06T16:00:00Z,2026-05-07T16:00:00Z
259,WA_FW071,32,Blackwood,WA,DFES,16,Moderate,2,5/6/2026 4:00:00 PM,5/7/2026 4:00:00 PM,2026-05-06T16:00:00Z,2026-05-07T16:00:00Z
260,WA_FW072,38,Arthur,WA,DFES,15,Moderate,2,5/6/2026 4:00:00 PM,5/7/2026 4:00:00 PM,2026-05-06T16:00:00Z,2026-05-07T16:00:00Z
261,WA_FW073,42,Stirling West,WA,DFES,13,Moderate,2,5/6/2026 4:00:00 PM,5/7/2026 4:00:00 PM,2026-05-06T16:00:00Z,2026-05-07T16:00:00Z
262,WA_FW074,41,Stirling North,WA,DFES,16,Moderate,2,5/6/2026 4:00:00 PM,5/7/2026 4:00:00 PM,2026-05-06T16:00:00Z,2026-05-07T16:00:00Z
263,WA_FW075,44,Fitzgerald Coast,WA,DFES,13,Moderate,2,5/6/2026 4:00:00 PM,5/7/2026 4:00:00 PM,2026-05-06T16:00:00Z,2026-05-07T16:00:00Z
264,WA_FW076,45,Fitzgerald Inland,WA,DFES,14,Moderate,2,5/6/2026 4:00:00 PM,5/7/2026 4:00:00 PM,2026-05-06T16:00:00Z,2026-05-07T16:00:00Z
265,WA_FW077,46,Esperance Coast,WA,DFES,12,Moderate,2,5/6/2026 4:00:00 PM,5/7/2026 4:00:00 PM,2026-05-06T16:00:00Z,2026-05-07T16:00:00Z
266,WA_FW078,47,Esperance Inland,WA,DFES,11,No Rating,2,5/6/2026 4:00:00 PM,5/7/2026 4:00:00 PM,2026-05-06T16:00:00Z,2026-05-07T16:00:00Z
267,WA_FW079,4,Kimberley Inland,WA,DFES,14,Moderate,2,5/6/2026 4:00:00 PM,5/7/2026 4:00:00 PM,2026-05-06T16:00:00Z,2026-05-07T16:00:00Z
268,WA_FW080,8,Ashburton Inland,WA,DFES,27,High,2,5/6/2026 4:00:00 PM,5/7/2026 4:00:00 PM,2026-05-06T16:00:00Z,2026-05-07T16:00:00Z
269,WA_FW081,10,Exmouth Gulf Coast,WA,DFES,21,Moderate,2,5/6/2026 4:00:00 PM,5/7/2026 4:00:00 PM,2026-05-06T16:00:00Z,2026-05-07T16:00:00Z
270,WA_FW082,20,Eucla,WA,DFES,7,No Rating,2,5/6/2026 4:00:00 PM,5/7/2026 4:00:00 PM,2026-05-06T16:00:00Z,2026-05-07T16:00:00Z
271,WA_FW083,11,North Interior,WA,DFES,25,High,2,5/6/2026 4:00:00 PM,5/7/2026 4:00:00 PM,2026-05-06T16:00:00Z,2026-05-07T16:00:00Z
272,WA_FW084,29,Geographe,WA,DFES,15,Moderate,2,5/6/2026 4:00:00 PM,5/7/2026 4:00:00 PM,2026-05-06T16:00:00Z,2026-05-07T16:00:00Z
273,WA_FW085,43,Stirling Coast,WA,DFES,13,Moderate,2,5/6/2026 4:00:00 PM,5/7/2026 4:00:00 PM,2026-05-06T16:00:00Z,2026-05-07T16:00:00Z
274,WA_FW086,39,Roe,WA,DFES,16,Moderate,2,5/6/2026 4:00:00 PM,5/7/2026 4:00:00 PM,2026-05-06T16:00:00Z,2026-05-07T16:00:00Z
275,WA_FW087,40,Lakes,WA,DFES,15,Moderate,2,5/6/2026 4:00:00 PM,5/7/2026 4:00:00 PM,2026-05-06T16:00:00Z,2026-05-07T16:00:00Z
276,WA_FW088,36,Avon,WA,DFES,17,Moderate,2,5/6/2026 4:00:00 PM,5/7/2026 4:00:00 PM,2026-05-06T16:00:00Z,2026-05-07T16:00:00Z
277,NSW_FW001,1,Far North Coast,NSW,RFS,14,Moderate,3,5/7/2026 2:00:00 PM,5/8/2026 2:00:00 PM,2026-05-07T14:00:00Z,2026-05-08T14:00:00Z
278,NSW_FW002,2,North Coast,NSW,RFS,19,Moderate,3,5/7/2026 2:00:00 PM,5/8/2026 2:00:00 PM,2026-05-07T14:00:00Z,2026-05-08T14:00:00Z
279,NSW_FW003,3,Greater Hunter,NSW,RFS,22,Moderate,3,5/7/2026 2:00:00 PM,5/8/2026 2:00:00 PM,2026-05-07T14:00:00Z,2026-05-08T14:00:00Z
280,NSW_FW004,4,Greater Sydney Region,NSW,RFS,18,Moderate,3,5/7/2026 2:00:00 PM,5/8/2026 2:00:00 PM,2026-05-07T14:00:00Z,2026-05-08T14:00:00Z
281,NSW_FW005,5,Illawarra/Shoalhaven,NSW,RFS,20,Moderate,3,5/7/2026 2:00:00 PM,5/8/2026 2:00:00 PM,2026-05-07T14:00:00Z,2026-05-08T14:00:00Z
282,NSW_FW006,6,Far South Coast,NSW,RFS,13,Moderate,3,5/7/2026 2:00:00 PM,5/8/2026 2:00:00 PM,2026-05-07T14:00:00Z,2026-05-08T14:00:00Z
283,NSW_FW007,7,Monaro Alpine,NSW,RFS,12,Moderate,3,5/7/2026 2:00:00 PM,5/8/2026 2:00:00 PM,2026-05-07T14:00:00Z,2026-05-08T14:00:00Z
284,NSW_FW008,8,Australian Capital Territory,ACT,RFS,12,Moderate,3,5/7/2026 2:00:00 PM,5/8/2026 2:00:00 PM,2026-05-07T14:00:00Z,2026-05-08T14:00:00Z
285,NSW_FW009,9,Southern Ranges,NSW,RFS,14,Moderate,3,5/7/2026 2:00:00 PM,5/8/2026 2:00:00 PM,2026-05-07T14:00:00Z,2026-05-08T14:00:00Z
286,NSW_FW010,10,Central Ranges,NSW,RFS,17,Moderate,3,5/7/2026 2:00:00 PM,5/8/2026 2:00:00 PM,2026-05-07T14:00:00Z,2026-05-08T14:00:00Z
287,NSW_FW011,11,New England,NSW,RFS,19,Moderate,3,5/7/2026 2:00:00 PM,5/8/2026 2:00:00 PM,2026-05-07T14:00:00Z,2026-05-08T14:00:00Z
288,NSW_FW012,12,Northern Slopes,NSW,RFS,22,Moderate,3,5/7/2026 2:00:00 PM,5/8/2026 2:00:00 PM,2026-05-07T14:00:00Z,2026-05-08T14:00:00Z
289,NSW_FW013,13,North Western,NSW,RFS,20,Moderate,3,5/7/2026 2:00:00 PM,5/8/2026 2:00:00 PM,2026-05-07T14:00:00Z,2026-05-08T14:00:00Z
290,NSW_FW014,14,Upper Central West Plains,NSW,RFS,17,Moderate,3,5/7/2026 2:00:00 PM,5/8/2026 2:00:00 PM,2026-05-07T14:00:00Z,2026-05-08T14:00:00Z
291,NSW_FW015,15,Lower Central West Plains,NSW,RFS,14,Moderate,3,5/7/2026 2:00:00 PM,5/8/2026 2:00:00 PM,2026-05-07T14:00:00Z,2026-05-08T14:00:00Z
292,NSW_FW016,16,Southern Slopes,NSW,RFS,7,No Rating,3,5/7/2026 2:00:00 PM,5/8/2026 2:00:00 PM,2026-05-07T14:00:00Z,2026-05-08T14:00:00Z
293,NSW_FW017,17,Eastern Riverina,NSW,RFS,10,No Rating,3,5/7/2026 2:00:00 PM,5/8/2026 2:00:00 PM,2026-05-07T14:00:00Z,2026-05-08T14:00:00Z
294,NSW_FW018,18,Southern Riverina,NSW,RFS,13,Moderate,3,5/7/2026 2:00:00 PM,5/8/2026 2:00:00 PM,2026-05-07T14:00:00Z,2026-05-08T14:00:00Z
295,NSW_FW019,19,Northern Riverina,NSW,RFS,12,Moderate,3,5/7/2026 2:00:00 PM,5/8/2026 2:00:00 PM,2026-05-07T14:00:00Z,2026-05-08T14:00:00Z
296,NSW_FW020,20,South Western,NSW,RFS,12,Moderate,3,5/7/2026 2:00:00 PM,5/8/2026 2:00:00 PM,2026-05-07T14:00:00Z,2026-05-08T14:00:00Z
297,NSW_FW021,21,Far Western,NSW,RFS,9,No Rating,3,5/7/2026 2:00:00 PM,5/8/2026 2:00:00 PM,2026-05-07T14:00:00Z,2026-05-08T14:00:00Z
298,NT_FW001,1,Darwin and Adelaide River,NT,BOM,10,No Rating,3,5/7/2026 2:30:00 PM,5/8/2026 2:30:00 PM,2026-05-07T14:30:00Z,2026-05-08T14:30:00Z
299,NT_FW002,2,Northern Fire Protection Area,NT,BOM,6,No Rating,3,5/7/2026 2:30:00 PM,5/8/2026 2:30:00 PM,2026-05-07T14:30:00Z,2026-05-08T14:30:00Z
300,NT_FW003,3,Daly South,NT,BOM,7,No Rating,3,5/7/2026 2:30:00 PM,5/8/2026 2:30:00 PM,2026-05-07T14:30:00Z,2026-05-08T14:30:00Z
301,NT_FW004,4,Tiwi,NT,BOM,6,No Rating,3,5/7/2026 2:30:00 PM,5/8/2026 2:30:00 PM,2026-05-07T14:30:00Z,2026-05-08T14:30:00Z
302,NT_FW005,5,Arnhem West,NT,BOM,6,No Rating,3,5/7/2026 2:30:00 PM,5/8/2026 2:30:00 PM,2026-05-07T14:30:00Z,2026-05-08T14:30:00Z
303,NT_FW006,6,Arnhem East,NT,BOM,6,No Rating,3,5/7/2026 2:30:00 PM,5/8/2026 2:30:00 PM,2026-05-07T14:30:00Z,2026-05-08T14:30:00Z
304,NT_FW007,7,Katherine Fire Protection Zone,NT,BOM,6,No Rating,3,5/7/2026 2:30:00 PM,5/8/2026 2:30:00 PM,2026-05-07T14:30:00Z,2026-05-08T14:30:00Z
305,NT_FW008,8,Carpentaria West,NT,BOM,6,No Rating,3,5/7/2026 2:30:00 PM,5/8/2026 2:30:00 PM,2026-05-07T14:30:00Z,2026-05-08T14:30:00Z
306,NT_FW009,9,Carpentaria East,NT,BOM,7,No Rating,3,5/7/2026 2:30:00 PM,5/8/2026 2:30:00 PM,2026-05-07T14:30:00Z,2026-05-08T14:30:00Z
307,NT_FW010,10,Gregory North West,NT,BOM,8,No Rating,3,5/7/2026 2:30:00 PM,5/8/2026 2:30:00 PM,2026-05-07T14:30:00Z,2026-05-08T14:30:00Z
308,NT_FW011,11,Gregory South East,NT,BOM,9,No Rating,3,5/7/2026 2:30:00 PM,5/8/2026 2:30:00 PM,2026-05-07T14:30:00Z,2026-05-08T14:30:00Z
309,NT_FW012,12,Barkly North,NT,BOM,16,Moderate,3,5/7/2026 2:30:00 PM,5/8/2026 2:30:00 PM,2026-05-07T14:30:00Z,2026-05-08T14:30:00Z
310,NT_FW013,13,Barkly South,NT,BOM,19,Moderate,3,5/7/2026 2:30:00 PM,5/8/2026 2:30:00 PM,2026-05-07T14:30:00Z,2026-05-08T14:30:00Z
311,NT_FW014,14,Alice Springs Fire Protection Zone,NT,BOM,16,Moderate,3,5/7/2026 2:30:00 PM,5/8/2026 2:30:00 PM,2026-05-07T14:30:00Z,2026-05-08T14:30:00Z
312,NT_FW015,15,Simpson West,NT,BOM,20,Moderate,3,5/7/2026 2:30:00 PM,5/8/2026 2:30:00 PM,2026-05-07T14:30:00Z,2026-05-08T14:30:00Z
313,NT_FW016,16,Simpson East,NT,BOM,26,High,3,5/7/2026 2:30:00 PM,5/8/2026 2:30:00 PM,2026-05-07T14:30:00Z,2026-05-08T14:30:00Z
314,NT_FW017,17,Lasseter West,NT,BOM,19,Moderate,3,5/7/2026 2:30:00 PM,5/8/2026 2:30:00 PM,2026-05-07T14:30:00Z,2026-05-08T14:30:00Z
315,NT_FW018,18,Lasseter East,NT,BOM,20,Moderate,3,5/7/2026 2:30:00 PM,5/8/2026 2:30:00 PM,2026-05-07T14:30:00Z,2026-05-08T14:30:00Z
316,NT_FW019,19,Tanami North,NT,BOM,0,No Rating,3,5/7/2026 2:30:00 PM,5/8/2026 2:30:00 PM,2026-05-07T14:30:00Z,2026-05-08T14:30:00Z
317,NT_FW020,20,Tanami South,NT,BOM,14,Moderate,3,5/7/2026 2:30:00 PM,5/8/2026 2:30:00 PM,2026-05-07T14:30:00Z,2026-05-08T14:30:00Z
318,QLD_FW001,1,Peninsula,QLD,BOM,6,No Rating,3,5/7/2026 2:00:00 PM,5/8/2026 2:00:00 PM,2026-05-07T14:00:00Z,2026-05-08T14:00:00Z
319,QLD_FW002,2,Gulf Country,QLD,BOM,14,Moderate,3,5/7/2026 2:00:00 PM,5/8/2026 2:00:00 PM,2026-05-07T14:00:00Z,2026-05-08T14:00:00Z
320,QLD_FW003,3,Northern Goldfields and Upper Flinders,QLD,BOM,14,Moderate,3,5/7/2026 2:00:00 PM,5/8/2026 2:00:00 PM,2026-05-07T14:00:00Z,2026-05-08T14:00:00Z
321,QLD_FW004,4,North Tropical Coast and Tablelands,QLD,BOM,9,No Rating,3,5/7/2026 2:00:00 PM,5/8/2026 2:00:00 PM,2026-05-07T14:00:00Z,2026-05-08T14:00:00Z
322,QLD_FW005,5,Herbert and Lower Burdekin,QLD,BOM,7,No Rating,3,5/7/2026 2:00:00 PM,5/8/2026 2:00:00 PM,2026-05-07T14:00:00Z,2026-05-08T14:00:00Z
323,QLD_FW006,6,Central Coast and Whitsundays,QLD,BOM,12,Moderate,3,5/7/2026 2:00:00 PM,5/8/2026 2:00:00 PM,2026-05-07T14:00:00Z,2026-05-08T14:00:00Z
324,QLD_FW007,7,Capricornia,QLD,BOM,12,Moderate,3,5/7/2026 2:00:00 PM,5/8/2026 2:00:00 PM,2026-05-07T14:00:00Z,2026-05-08T14:00:00Z
325,QLD_FW008,8,Central Highlands and Coalfields,QLD,BOM,15,Moderate,3,5/7/2026 2:00:00 PM,5/8/2026 2:00:00 PM,2026-05-07T14:00:00Z,2026-05-08T14:00:00Z
326,QLD_FW009,9,Central West,QLD,BOM,18,Moderate,3,5/7/2026 2:00:00 PM,5/8/2026 2:00:00 PM,2026-05-07T14:00:00Z,2026-05-08T14:00:00Z
327,QLD_FW010,10,North West,QLD,BOM,20,Moderate,3,5/7/2026 2:00:00 PM,5/8/2026 2:00:00 PM,2026-05-07T14:00:00Z,2026-05-08T14:00:00Z
328,QLD_FW011,11,Channel Country,QLD,BOM,27,High,3,5/7/2026 2:00:00 PM,5/8/2026 2:00:00 PM,2026-05-07T14:00:00Z,2026-05-08T14:00:00Z
329,QLD_FW012,12,Maranoa and Warrego,QLD,BOM,19,Moderate,3,5/7/2026 2:00:00 PM,5/8/2026 2:00:00 PM,2026-05-07T14:00:00Z,2026-05-08T14:00:00Z
330,QLD_FW013,13,Darling Downs and Granite Belt,QLD,BOM,21,Moderate,3,5/7/2026 2:00:00 PM,5/8/2026 2:00:00 PM,2026-05-07T14:00:00Z,2026-05-08T14:00:00Z
331,QLD_FW014,14,Wide Bay and Burnett,QLD,BOM,16,Moderate,3,5/7/2026 2:00:00 PM,5/8/2026 2:00:00 PM,2026-05-07T14:00:00Z,2026-05-08T14:00:00Z
332,QLD_FW015,15,Southeast Coast,QLD,BOM,13,Moderate,3,5/7/2026 2:00:00 PM,5/8/2026 2:00:00 PM,2026-05-07T14:00:00Z,2026-05-08T14:00:00Z
333,SA_FW001,1,Adelaide Metropolitan,SA,BOM,7,No Rating,3,5/5/2026 2:30:00 PM,5/6/2026 2:30:00 PM,2026-05-05T14:30:00Z,2026-05-06T14:30:00Z
334,SA_FW002,2,Yorke Peninsula,SA,BOM,15,Moderate,3,5/5/2026 2:30:00 PM,5/6/2026 2:30:00 PM,2026-05-05T14:30:00Z,2026-05-06T14:30:00Z
335,SA_FW003,3,Kangaroo Island,SA,BOM,12,Moderate,3,5/5/2026 2:30:00 PM,5/6/2026 2:30:00 PM,2026-05-05T14:30:00Z,2026-05-06T14:30:00Z
336,SA_FW004,4,Upper South East,SA,BOM,10,No Rating,3,5/5/2026 2:30:00 PM,5/6/2026 2:30:00 PM,2026-05-05T14:30:00Z,2026-05-06T14:30:00Z
337,SA_FW005,5,Lower South East,SA,BOM,13,Moderate,3,5/5/2026 2:30:00 PM,5/6/2026 2:30:00 PM,2026-05-05T14:30:00Z,2026-05-06T14:30:00Z
338,SA_FW006,6,Riverland,SA,BOM,9,No Rating,3,5/5/2026 2:30:00 PM,5/6/2026 2:30:00 PM,2026-05-05T14:30:00Z,2026-05-06T14:30:00Z
339,SA_FW007,7,Murraylands,SA,BOM,11,No Rating,3,5/5/2026 2:30:00 PM,5/6/2026 2:30:00 PM,2026-05-05T14:30:00Z,2026-05-06T14:30:00Z
340,SA_FW008,8,Mid North,SA,BOM,9,No Rating,3,5/5/2026 2:30:00 PM,5/6/2026 2:30:00 PM,2026-05-05T14:30:00Z,2026-05-06T14:30:00Z
341,SA_FW009,9,Flinders,SA,BOM,7,No Rating,3,5/5/2026 2:30:00 PM,5/6/2026 2:30:00 PM,2026-05-05T14:30:00Z,2026-05-06T14:30:00Z
342,SA_FW010,10,West Coast,SA,BOM,12,Moderate,3,5/5/2026 2:30:00 PM,5/6/2026 2:30:00 PM,2026-05-05T14:30:00Z,2026-05-06T14:30:00Z
343,SA_FW011,11,Eastern Eyre Peninsula,SA,BOM,10,No Rating,3,5/5/2026 2:30:00 PM,5/6/2026 2:30:00 PM,2026-05-05T14:30:00Z,2026-05-06T14:30:00Z
344,SA_FW012,12,Lower Eyre Peninsula,SA,BOM,11,No Rating,3,5/5/2026 2:30:00 PM,5/6/2026 2:30:00 PM,2026-05-05T14:30:00Z,2026-05-06T14:30:00Z
345,SA_FW013,13,North West Pastoral,SA,BOM,12,Moderate,3,5/5/2026 2:30:00 PM,5/6/2026 2:30:00 PM,2026-05-05T14:30:00Z,2026-05-06T14:30:00Z
346,SA_FW014,14,North East Pastoral,SA,BOM,15,Moderate,3,5/5/2026 2:30:00 PM,5/6/2026 2:30:00 PM,2026-05-05T14:30:00Z,2026-05-06T14:30:00Z
347,SA_FW015,15,Mount Lofty Ranges,SA,BOM,13,Moderate,3,5/5/2026 2:30:00 PM,5/6/2026 2:30:00 PM,2026-05-05T14:30:00Z,2026-05-06T14:30:00Z
348,TAS_FW001,1,Furneaux Islands,TAS,BOM,17,Moderate,3,5/7/2026 2:00:00 PM,5/8/2026 2:00:00 PM,2026-05-07T14:00:00Z,2026-05-08T14:00:00Z
349,TAS_FW002,2,North East,TAS,BOM,14,Moderate,3,5/7/2026 2:00:00 PM,5/8/2026 2:00:00 PM,2026-05-07T14:00:00Z,2026-05-08T14:00:00Z
350,TAS_FW003,3,East Coast,TAS,BOM,20,Moderate,3,5/7/2026 2:00:00 PM,5/8/2026 2:00:00 PM,2026-05-07T14:00:00Z,2026-05-08T14:00:00Z
351,TAS_FW004,4,Central North,TAS,BOM,14,Moderate,3,5/7/2026 2:00:00 PM,5/8/2026 2:00:00 PM,2026-05-07T14:00:00Z,2026-05-08T14:00:00Z
352,TAS_FW005,5,Midlands,TAS,BOM,17,Moderate,3,5/7/2026 2:00:00 PM,5/8/2026 2:00:00 PM,2026-05-07T14:00:00Z,2026-05-08T14:00:00Z
353,TAS_FW006,6,South East,TAS,BOM,19,Moderate,3,5/7/2026 2:00:00 PM,5/8/2026 2:00:00 PM,2026-05-07T14:00:00Z,2026-05-08T14:00:00Z
354,TAS_FW007,7,Upper Derwent Valley,TAS,BOM,14,Moderate,3,5/7/2026 2:00:00 PM,5/8/2026 2:00:00 PM,2026-05-07T14:00:00Z,2026-05-08T14:00:00Z
355,TAS_FW008,8,Central Plateau,TAS,BOM,15,Moderate,3,5/7/2026 2:00:00 PM,5/8/2026 2:00:00 PM,2026-05-07T14:00:00Z,2026-05-08T14:00:00Z
356,TAS_FW009,9,Western,TAS,BOM,10,No Rating,3,5/7/2026 2:00:00 PM,5/8/2026 2:00:00 PM,2026-05-07T14:00:00Z,2026-05-08T14:00:00Z
357,TAS_FW010,10,North West Coast,TAS,BOM,8,No Rating,3,5/7/2026 2:00:00 PM,5/8/2026 2:00:00 PM,2026-05-07T14:00:00Z,2026-05-08T14:00:00Z
358,TAS_FW011,11,King Island,TAS,BOM,6,No Rating,3,5/7/2026 2:00:00 PM,5/8/2026 2:00:00 PM,2026-05-07T14:00:00Z,2026-05-08T14:00:00Z
359,VIC_FW001,1,Mallee,VIC,BOM,14,Moderate,3,5/5/2026 2:00:00 PM,5/6/2026 2:00:00 PM,2026-05-05T14:00:00Z,2026-05-06T14:00:00Z
360,VIC_FW002,2,Wimmera,VIC,BOM,16,Moderate,3,5/5/2026 2:00:00 PM,5/6/2026 2:00:00 PM,2026-05-05T14:00:00Z,2026-05-06T14:00:00Z
361,VIC_FW003,3,Northern Country,VIC,BOM,12,Moderate,3,5/5/2026 2:00:00 PM,5/6/2026 2:00:00 PM,2026-05-05T14:00:00Z,2026-05-06T14:00:00Z
362,VIC_FW004,4,North East,VIC,BOM,11,No Rating,3,5/5/2026 2:00:00 PM,5/6/2026 2:00:00 PM,2026-05-05T14:00:00Z,2026-05-06T14:00:00Z
363,VIC_FW005,5,East Gippsland,VIC,BOM,12,Moderate,3,5/5/2026 2:00:00 PM,5/6/2026 2:00:00 PM,2026-05-05T14:00:00Z,2026-05-06T14:00:00Z
364,VIC_FW006,6,West and South Gippsland,VIC,BOM,17,Moderate,3,5/5/2026 2:00:00 PM,5/6/2026 2:00:00 PM,2026-05-05T14:00:00Z,2026-05-06T14:00:00Z
365,VIC_FW007,7,Central,VIC,BOM,17,Moderate,3,5/5/2026 2:00:00 PM,5/6/2026 2:00:00 PM,2026-05-05T14:00:00Z,2026-05-06T14:00:00Z
366,VIC_FW008,8,North Central,VIC,BOM,14,Moderate,3,5/5/2026 2:00:00 PM,5/6/2026 2:00:00 PM,2026-05-05T14:00:00Z,2026-05-06T14:00:00Z
367,VIC_FW009,9,South West,VIC,BOM,16,Moderate,3,5/5/2026 2:00:00 PM,5/6/2026 2:00:00 PM,2026-05-05T14:00:00Z,2026-05-06T14:00:00Z
368,WA_FW041,1,North Kimberley,WA,DFES,6,No Rating,3,5/7/2026 4:00:00 PM,5/8/2026 4:00:00 PM,2026-05-07T16:00:00Z,2026-05-08T16:00:00Z
369,WA_FW042,2,Derby Coast,WA,DFES,7,No Rating,3,5/7/2026 4:00:00 PM,5/8/2026 4:00:00 PM,2026-05-07T16:00:00Z,2026-05-08T16:00:00Z
370,WA_FW043,3,Broome Coast,WA,DFES,6,No Rating,3,5/7/2026 4:00:00 PM,5/8/2026 4:00:00 PM,2026-05-07T16:00:00Z,2026-05-08T16:00:00Z
371,WA_FW044,6,Hedland,WA,DFES,33,High,3,5/7/2026 4:00:00 PM,5/8/2026 4:00:00 PM,2026-05-07T16:00:00Z,2026-05-08T16:00:00Z
372,WA_FW045,7,Burrup,WA,DFES,30,High,3,5/7/2026 4:00:00 PM,5/8/2026 4:00:00 PM,2026-05-07T16:00:00Z,2026-05-08T16:00:00Z
373,WA_FW046,9,Ashburton Coast,WA,DFES,21,Moderate,3,5/7/2026 4:00:00 PM,5/8/2026 4:00:00 PM,2026-05-07T16:00:00Z,2026-05-08T16:00:00Z
374,WA_FW047,5,Central Pilbara,WA,DFES,24,High,3,5/7/2026 4:00:00 PM,5/8/2026 4:00:00 PM,2026-05-07T16:00:00Z,2026-05-08T16:00:00Z
375,WA_FW048,12,Gascoyne Coast,WA,DFES,26,High,3,5/7/2026 4:00:00 PM,5/8/2026 4:00:00 PM,2026-05-07T16:00:00Z,2026-05-08T16:00:00Z
376,WA_FW049,13,Gascoyne Inland,WA,DFES,23,Moderate,3,5/7/2026 4:00:00 PM,5/8/2026 4:00:00 PM,2026-05-07T16:00:00Z,2026-05-08T16:00:00Z
377,WA_FW050,14,Yalgar,WA,DFES,22,Moderate,3,5/7/2026 4:00:00 PM,5/8/2026 4:00:00 PM,2026-05-07T16:00:00Z,2026-05-08T16:00:00Z
378,WA_FW051,17,West Interior,WA,DFES,20,Moderate,3,5/7/2026 4:00:00 PM,5/8/2026 4:00:00 PM,2026-05-07T16:00:00Z,2026-05-08T16:00:00Z
379,WA_FW052,18,Central Interior,WA,DFES,29,High,3,5/7/2026 4:00:00 PM,5/8/2026 4:00:00 PM,2026-05-07T16:00:00Z,2026-05-08T16:00:00Z
380,WA_FW053,21,Midwest Coast,WA,DFES,26,High,3,5/7/2026 4:00:00 PM,5/8/2026 4:00:00 PM,2026-05-07T16:00:00Z,2026-05-08T16:00:00Z
381,WA_FW054,22,Midwest Inland,WA,DFES,23,Moderate,3,5/7/2026 4:00:00 PM,5/8/2026 4:00:00 PM,2026-05-07T16:00:00Z,2026-05-08T16:00:00Z
382,WA_FW055,23,Lesueur,WA,DFES,22,Moderate,3,5/7/2026 4:00:00 PM,5/8/2026 4:00:00 PM,2026-05-07T16:00:00Z,2026-05-08T16:00:00Z
383,WA_FW056,24,Yarra Yarra,WA,DFES,20,Moderate,3,5/7/2026 4:00:00 PM,5/8/2026 4:00:00 PM,2026-05-07T16:00:00Z,2026-05-08T16:00:00Z
384,WA_FW057,34,Mortlock,WA,DFES,20,Moderate,3,5/7/2026 4:00:00 PM,5/8/2026 4:00:00 PM,2026-05-07T16:00:00Z,2026-05-08T16:00:00Z
385,WA_FW058,35,Karroun,WA,DFES,17,Moderate,3,5/7/2026 4:00:00 PM,5/8/2026 4:00:00 PM,2026-05-07T16:00:00Z,2026-05-08T16:00:00Z
386,WA_FW059,37,Lockwood,WA,DFES,17,Moderate,3,5/7/2026 4:00:00 PM,5/8/2026 4:00:00 PM,2026-05-07T16:00:00Z,2026-05-08T16:00:00Z
387,WA_FW060,15,North Goldfields,WA,DFES,16,Moderate,3,5/7/2026 4:00:00 PM,5/8/2026 4:00:00 PM,2026-05-07T16:00:00Z,2026-05-08T16:00:00Z
388,WA_FW061,16,South Goldfields,WA,DFES,6,No Rating,3,5/7/2026 4:00:00 PM,5/8/2026 4:00:00 PM,2026-05-07T16:00:00Z,2026-05-08T16:00:00Z
389,WA_FW062,19,South Interior,WA,DFES,19,Moderate,3,5/7/2026 4:00:00 PM,5/8/2026 4:00:00 PM,2026-05-07T16:00:00Z,2026-05-08T16:00:00Z
390,WA_FW063,25,Swan Coastal North,WA,DFES,16,Moderate,3,5/7/2026 4:00:00 PM,5/8/2026 4:00:00 PM,2026-05-07T16:00:00Z,2026-05-08T16:00:00Z
391,WA_FW064,26,Swan Inland North,WA,DFES,20,Moderate,3,5/7/2026 4:00:00 PM,5/8/2026 4:00:00 PM,2026-05-07T16:00:00Z,2026-05-08T16:00:00Z
392,WA_FW066,27,Swan Coastal South,WA,DFES,13,Moderate,3,5/7/2026 4:00:00 PM,5/8/2026 4:00:00 PM,2026-05-07T16:00:00Z,2026-05-08T16:00:00Z
393,WA_FW067,28,Swan Inland South,WA,DFES,17,Moderate,3,5/7/2026 4:00:00 PM,5/8/2026 4:00:00 PM,2026-05-07T16:00:00Z,2026-05-08T16:00:00Z
394,WA_FW068,31,Brockman,WA,DFES,17,Moderate,3,5/7/2026 4:00:00 PM,5/8/2026 4:00:00 PM,2026-05-07T16:00:00Z,2026-05-08T16:00:00Z
395,WA_FW069,30,Capes,WA,DFES,18,Moderate,3,5/7/2026 4:00:00 PM,5/8/2026 4:00:00 PM,2026-05-07T16:00:00Z,2026-05-08T16:00:00Z
396,WA_FW070,33,Southern Forests,WA,DFES,17,Moderate,3,5/7/2026 4:00:00 PM,5/8/2026 4:00:00 PM,2026-05-07T16:00:00Z,2026-05-08T16:00:00Z
397,WA_FW071,32,Blackwood,WA,DFES,17,Moderate,3,5/7/2026 4:00:00 PM,5/8/2026 4:00:00 PM,2026-05-07T16:00:00Z,2026-05-08T16:00:00Z
398,WA_FW072,38,Arthur,WA,DFES,15,Moderate,3,5/7/2026 4:00:00 PM,5/8/2026 4:00:00 PM,2026-05-07T16:00:00Z,2026-05-08T16:00:00Z
399,WA_FW073,42,Stirling West,WA,DFES,14,Moderate,3,5/7/2026 4:00:00 PM,5/8/2026 4:00:00 PM,2026-05-07T16:00:00Z,2026-05-08T16:00:00Z
400,WA_FW074,41,Stirling North,WA,DFES,16,Moderate,3,5/7/2026 4:00:00 PM,5/8/2026 4:00:00 PM,2026-05-07T16:00:00Z,2026-05-08T16:00:00Z
401,WA_FW075,44,Fitzgerald Coast,WA,DFES,14,Moderate,3,5/7/2026 4:00:00 PM,5/8/2026 4:00:00 PM,2026-05-07T16:00:00Z,2026-05-08T16:00:00Z
402,WA_FW076,45,Fitzgerald Inland,WA,DFES,14,Moderate,3,5/7/2026 4:00:00 PM,5/8/2026 4:00:00 PM,2026-05-07T16:00:00Z,2026-05-08T16:00:00Z
403,WA_FW077,46,Esperance Coast,WA,DFES,13,Moderate,3,5/7/2026 4:00:00 PM,5/8/2026 4:00:00 PM,2026-05-07T16:00:00Z,2026-05-08T16:00:00Z
404,WA_FW078,47,Esperance Inland,WA,DFES,13,Moderate,3,5/7/2026 4:00:00 PM,5/8/2026 4:00:00 PM,2026-05-07T16:00:00Z,2026-05-08T16:00:00Z
405,WA_FW079,4,Kimberley Inland,WA,DFES,14,Moderate,3,5/7/2026 4:00:00 PM,5/8/2026 4:00:00 PM,2026-05-07T16:00:00Z,2026-05-08T16:00:00Z
406,WA_FW080,8,Ashburton Inland,WA,DFES,23,Moderate,3,5/7/2026 4:00:00 PM,5/8/2026 4:00:00 PM,2026-05-07T16:00:00Z,2026-05-08T16:00:00Z
407,WA_FW081,10,Exmouth Gulf Coast,WA,DFES,20,Moderate,3,5/7/2026 4:00:00 PM,5/8/2026 4:00:00 PM,2026-05-07T16:00:00Z,2026-05-08T16:00:00Z
408,WA_FW082,20,Eucla,WA,DFES,7,No Rating,3,5/7/2026 4:00:00 PM,5/8/2026 4:00:00 PM,2026-05-07T16:00:00Z,2026-05-08T16:00:00Z
409,WA_FW083,11,North Interior,WA,DFES,23,Moderate,3,5/7/2026 4:00:00 PM,5/8/2026 4:00:00 PM,2026-05-07T16:00:00Z,2026-05-08T16:00:00Z
410,WA_FW084,29,Geographe,WA,DFES,17,Moderate,3,5/7/2026 4:00:00 PM,5/8/2026 4:00:00 PM,2026-05-07T16:00:00Z,2026-05-08T16:00:00Z
411,WA_FW085,43,Stirling Coast,WA,DFES,14,Moderate,3,5/7/2026 4:00:00 PM,5/8/2026 4:00:00 PM,2026-05-07T16:00:00Z,2026-05-08T16:00:00Z
412,WA_FW086,39,Roe,WA,DFES,16,Moderate,3,5/7/2026 4:00:00 PM,5/8/2026 4:00:00 PM,2026-05-07T16:00:00Z,2026-05-08T16:00:00Z
413,WA_FW087,40,Lakes,WA,DFES,15,Moderate,3,5/7/2026 4:00:00 PM,5/8/2026 4:00:00 PM,2026-05-07T16:00:00Z,2026-05-08T16:00:00Z
414,WA_FW088,36,Avon,WA,DFES,18,Moderate,3,5/7/2026 4:00:00 PM,5/8/2026 4:00:00 PM,2026-05-07T16:00:00Z,2026-05-08T16:00:00Z
415,NSW_FW001,1,Far North Coast,NSW,RFS,12,Moderate,4,5/8/2026 2:00:00 PM,5/9/2026 2:00:00 PM,2026-05-08T14:00:00Z,2026-05-09T14:00:00Z
416,NSW_FW002,2,North Coast,NSW,RFS,15,Moderate,4,5/8/2026 2:00:00 PM,5/9/2026 2:00:00 PM,2026-05-08T14:00:00Z,2026-05-09T14:00:00Z
417,NSW_FW003,3,Greater Hunter,NSW,RFS,16,Moderate,4,5/8/2026 2:00:00 PM,5/9/2026 2:00:00 PM,2026-05-08T14:00:00Z,2026-05-09T14:00:00Z
418,NSW_FW004,4,Greater Sydney Region,NSW,RFS,15,Moderate,4,5/8/2026 2:00:00 PM,5/9/2026 2:00:00 PM,2026-05-08T14:00:00Z,2026-05-09T14:00:00Z
419,NSW_FW005,5,Illawarra/Shoalhaven,NSW,RFS,14,Moderate,4,5/8/2026 2:00:00 PM,5/9/2026 2:00:00 PM,2026-05-08T14:00:00Z,2026-05-09T14:00:00Z
420,NSW_FW006,6,Far South Coast,NSW,RFS,11,No Rating,4,5/8/2026 2:00:00 PM,5/9/2026 2:00:00 PM,2026-05-08T14:00:00Z,2026-05-09T14:00:00Z
421,NSW_FW007,7,Monaro Alpine,NSW,RFS,10,No Rating,4,5/8/2026 2:00:00 PM,5/9/2026 2:00:00 PM,2026-05-08T14:00:00Z,2026-05-09T14:00:00Z
422,NSW_FW008,8,Australian Capital Territory,ACT,RFS,10,No Rating,4,5/8/2026 2:00:00 PM,5/9/2026 2:00:00 PM,2026-05-08T14:00:00Z,2026-05-09T14:00:00Z
423,NSW_FW009,9,Southern Ranges,NSW,RFS,12,Moderate,4,5/8/2026 2:00:00 PM,5/9/2026 2:00:00 PM,2026-05-08T14:00:00Z,2026-05-09T14:00:00Z
424,NSW_FW010,10,Central Ranges,NSW,RFS,14,Moderate,4,5/8/2026 2:00:00 PM,5/9/2026 2:00:00 PM,2026-05-08T14:00:00Z,2026-05-09T14:00:00Z
425,NSW_FW011,11,New England,NSW,RFS,16,Moderate,4,5/8/2026 2:00:00 PM,5/9/2026 2:00:00 PM,2026-05-08T14:00:00Z,2026-05-09T14:00:00Z
426,NSW_FW012,12,Northern Slopes,NSW,RFS,18,Moderate,4,5/8/2026 2:00:00 PM,5/9/2026 2:00:00 PM,2026-05-08T14:00:00Z,2026-05-09T14:00:00Z
427,NSW_FW013,13,North Western,NSW,RFS,16,Moderate,4,5/8/2026 2:00:00 PM,5/9/2026 2:00:00 PM,2026-05-08T14:00:00Z,2026-05-09T14:00:00Z
428,NSW_FW014,14,Upper Central West Plains,NSW,RFS,14,Moderate,4,5/8/2026 2:00:00 PM,5/9/2026 2:00:00 PM,2026-05-08T14:00:00Z,2026-05-09T14:00:00Z
429,NSW_FW015,15,Lower Central West Plains,NSW,RFS,12,Moderate,4,5/8/2026 2:00:00 PM,5/9/2026 2:00:00 PM,2026-05-08T14:00:00Z,2026-05-09T14:00:00Z
430,NSW_FW016,16,Southern Slopes,NSW,RFS,7,No Rating,4,5/8/2026 2:00:00 PM,5/9/2026 2:00:00 PM,2026-05-08T14:00:00Z,2026-05-09T14:00:00Z
431,NSW_FW017,17,Eastern Riverina,NSW,RFS,8,No Rating,4,5/8/2026 2:00:00 PM,5/9/2026 2:00:00 PM,2026-05-08T14:00:00Z,2026-05-09T14:00:00Z
432,NSW_FW018,18,Southern Riverina,NSW,RFS,10,No Rating,4,5/8/2026 2:00:00 PM,5/9/2026 2:00:00 PM,2026-05-08T14:00:00Z,2026-05-09T14:00:00Z
433,NSW_FW019,19,Northern Riverina,NSW,RFS,10,No Rating,4,5/8/2026 2:00:00 PM,5/9/2026 2:00:00 PM,2026-05-08T14:00:00Z,2026-05-09T14:00:00Z
434,NSW_FW020,20,South Western,NSW,RFS,8,No Rating,4,5/8/2026 2:00:00 PM,5/9/2026 2:00:00 PM,2026-05-08T14:00:00Z,2026-05-09T14:00:00Z
435,NSW_FW021,21,Far Western,NSW,RFS,8,No Rating,4,5/8/2026 2:00:00 PM,5/9/2026 2:00:00 PM,2026-05-08T14:00:00Z,2026-05-09T14:00:00Z
436,NT_FW001,1,Darwin and Adelaide River,NT,BOM,9,No Rating,4,5/8/2026 2:30:00 PM,5/9/2026 2:30:00 PM,2026-05-08T14:30:00Z,2026-05-09T14:30:00Z
437,NT_FW002,2,Northern Fire Protection Area,NT,BOM,6,No Rating,4,5/8/2026 2:30:00 PM,5/9/2026 2:30:00 PM,2026-05-08T14:30:00Z,2026-05-09T14:30:00Z
438,NT_FW003,3,Daly South,NT,BOM,6,No Rating,4,5/8/2026 2:30:00 PM,5/9/2026 2:30:00 PM,2026-05-08T14:30:00Z,2026-05-09T14:30:00Z
439,NT_FW004,4,Tiwi,NT,BOM,6,No Rating,4,5/8/2026 2:30:00 PM,5/9/2026 2:30:00 PM,2026-05-08T14:30:00Z,2026-05-09T14:30:00Z
440,NT_FW005,5,Arnhem West,NT,BOM,6,No Rating,4,5/8/2026 2:30:00 PM,5/9/2026 2:30:00 PM,2026-05-08T14:30:00Z,2026-05-09T14:30:00Z
441,NT_FW006,6,Arnhem East,NT,BOM,6,No Rating,4,5/8/2026 2:30:00 PM,5/9/2026 2:30:00 PM,2026-05-08T14:30:00Z,2026-05-09T14:30:00Z
442,NT_FW007,7,Katherine Fire Protection Zone,NT,BOM,6,No Rating,4,5/8/2026 2:30:00 PM,5/9/2026 2:30:00 PM,2026-05-08T14:30:00Z,2026-05-09T14:30:00Z
443,NT_FW008,8,Carpentaria West,NT,BOM,6,No Rating,4,5/8/2026 2:30:00 PM,5/9/2026 2:30:00 PM,2026-05-08T14:30:00Z,2026-05-09T14:30:00Z
444,NT_FW009,9,Carpentaria East,NT,BOM,7,No Rating,4,5/8/2026 2:30:00 PM,5/9/2026 2:30:00 PM,2026-05-08T14:30:00Z,2026-05-09T14:30:00Z
445,NT_FW010,10,Gregory North West,NT,BOM,8,No Rating,4,5/8/2026 2:30:00 PM,5/9/2026 2:30:00 PM,2026-05-08T14:30:00Z,2026-05-09T14:30:00Z
446,NT_FW011,11,Gregory South East,NT,BOM,8,No Rating,4,5/8/2026 2:30:00 PM,5/9/2026 2:30:00 PM,2026-05-08T14:30:00Z,2026-05-09T14:30:00Z
447,NT_FW012,12,Barkly North,NT,BOM,16,Moderate,4,5/8/2026 2:30:00 PM,5/9/2026 2:30:00 PM,2026-05-08T14:30:00Z,2026-05-09T14:30:00Z
448,NT_FW013,13,Barkly South,NT,BOM,17,Moderate,4,5/8/2026 2:30:00 PM,5/9/2026 2:30:00 PM,2026-05-08T14:30:00Z,2026-05-09T14:30:00Z
449,NT_FW014,14,Alice Springs Fire Protection Zone,NT,BOM,14,Moderate,4,5/8/2026 2:30:00 PM,5/9/2026 2:30:00 PM,2026-05-08T14:30:00Z,2026-05-09T14:30:00Z
450,NT_FW015,15,Simpson West,NT,BOM,16,Moderate,4,5/8/2026 2:30:00 PM,5/9/2026 2:30:00 PM,2026-05-08T14:30:00Z,2026-05-09T14:30:00Z
451,NT_FW016,16,Simpson East,NT,BOM,19,Moderate,4,5/8/2026 2:30:00 PM,5/9/2026 2:30:00 PM,2026-05-08T14:30:00Z,2026-05-09T14:30:00Z
452,NT_FW017,17,Lasseter West,NT,BOM,16,Moderate,4,5/8/2026 2:30:00 PM,5/9/2026 2:30:00 PM,2026-05-08T14:30:00Z,2026-05-09T14:30:00Z
453,NT_FW018,18,Lasseter East,NT,BOM,17,Moderate,4,5/8/2026 2:30:00 PM,5/9/2026 2:30:00 PM,2026-05-08T14:30:00Z,2026-05-09T14:30:00Z
454,NT_FW019,19,Tanami North,NT,BOM,0,No Rating,4,5/8/2026 2:30:00 PM,5/9/2026 2:30:00 PM,2026-05-08T14:30:00Z,2026-05-09T14:30:00Z
455,NT_FW020,20,Tanami South,NT,BOM,12,Moderate,4,5/8/2026 2:30:00 PM,5/9/2026 2:30:00 PM,2026-05-08T14:30:00Z,2026-05-09T14:30:00Z
456,QLD_FW001,1,Peninsula,QLD,BOM,6,No Rating,4,5/8/2026 2:00:00 PM,5/9/2026 2:00:00 PM,2026-05-08T14:00:00Z,2026-05-09T14:00:00Z
457,QLD_FW002,2,Gulf Country,QLD,BOM,14,Moderate,4,5/8/2026 2:00:00 PM,5/9/2026 2:00:00 PM,2026-05-08T14:00:00Z,2026-05-09T14:00:00Z
458,QLD_FW003,3,Northern Goldfields and Upper Flinders,QLD,BOM,14,Moderate,4,5/8/2026 2:00:00 PM,5/9/2026 2:00:00 PM,2026-05-08T14:00:00Z,2026-05-09T14:00:00Z
459,QLD_FW004,4,North Tropical Coast and Tablelands,QLD,BOM,10,No Rating,4,5/8/2026 2:00:00 PM,5/9/2026 2:00:00 PM,2026-05-08T14:00:00Z,2026-05-09T14:00:00Z
460,QLD_FW005,5,Herbert and Lower Burdekin,QLD,BOM,7,No Rating,4,5/8/2026 2:00:00 PM,5/9/2026 2:00:00 PM,2026-05-08T14:00:00Z,2026-05-09T14:00:00Z
461,QLD_FW006,6,Central Coast and Whitsundays,QLD,BOM,12,Moderate,4,5/8/2026 2:00:00 PM,5/9/2026 2:00:00 PM,2026-05-08T14:00:00Z,2026-05-09T14:00:00Z
462,QLD_FW007,7,Capricornia,QLD,BOM,10,No Rating,4,5/8/2026 2:00:00 PM,5/9/2026 2:00:00 PM,2026-05-08T14:00:00Z,2026-05-09T14:00:00Z
463,QLD_FW008,8,Central Highlands and Coalfields,QLD,BOM,14,Moderate,4,5/8/2026 2:00:00 PM,5/9/2026 2:00:00 PM,2026-05-08T14:00:00Z,2026-05-09T14:00:00Z
464,QLD_FW009,9,Central West,QLD,BOM,16,Moderate,4,5/8/2026 2:00:00 PM,5/9/2026 2:00:00 PM,2026-05-08T14:00:00Z,2026-05-09T14:00:00Z
465,QLD_FW010,10,North West,QLD,BOM,18,Moderate,4,5/8/2026 2:00:00 PM,5/9/2026 2:00:00 PM,2026-05-08T14:00:00Z,2026-05-09T14:00:00Z
466,QLD_FW011,11,Channel Country,QLD,BOM,21,Moderate,4,5/8/2026 2:00:00 PM,5/9/2026 2:00:00 PM,2026-05-08T14:00:00Z,2026-05-09T14:00:00Z
467,QLD_FW012,12,Maranoa and Warrego,QLD,BOM,16,Moderate,4,5/8/2026 2:00:00 PM,5/9/2026 2:00:00 PM,2026-05-08T14:00:00Z,2026-05-09T14:00:00Z
468,QLD_FW013,13,Darling Downs and Granite Belt,QLD,BOM,16,Moderate,4,5/8/2026 2:00:00 PM,5/9/2026 2:00:00 PM,2026-05-08T14:00:00Z,2026-05-09T14:00:00Z
469,QLD_FW014,14,Wide Bay and Burnett,QLD,BOM,14,Moderate,4,5/8/2026 2:00:00 PM,5/9/2026 2:00:00 PM,2026-05-08T14:00:00Z,2026-05-09T14:00:00Z
470,QLD_FW015,15,Southeast Coast,QLD,BOM,12,Moderate,4,5/8/2026 2:00:00 PM,5/9/2026 2:00:00 PM,2026-05-08T14:00:00Z,2026-05-09T14:00:00Z
471,SA_FW001,1,Adelaide Metropolitan,SA,BOM,7,No Rating,4,5/6/2026 2:30:00 PM,5/7/2026 2:30:00 PM,2026-05-06T14:30:00Z,2026-05-07T14:30:00Z
472,SA_FW002,2,Yorke Peninsula,SA,BOM,15,Moderate,4,5/6/2026 2:30:00 PM,5/7/2026 2:30:00 PM,2026-05-06T14:30:00Z,2026-05-07T14:30:00Z
473,SA_FW003,3,Kangaroo Island,SA,BOM,13,Moderate,4,5/6/2026 2:30:00 PM,5/7/2026 2:30:00 PM,2026-05-06T14:30:00Z,2026-05-07T14:30:00Z
474,SA_FW004,4,Upper South East,SA,BOM,10,No Rating,4,5/6/2026 2:30:00 PM,5/7/2026 2:30:00 PM,2026-05-06T14:30:00Z,2026-05-07T14:30:00Z
475,SA_FW005,5,Lower South East,SA,BOM,15,Moderate,4,5/6/2026 2:30:00 PM,5/7/2026 2:30:00 PM,2026-05-06T14:30:00Z,2026-05-07T14:30:00Z
476,SA_FW006,6,Riverland,SA,BOM,11,No Rating,4,5/6/2026 2:30:00 PM,5/7/2026 2:30:00 PM,2026-05-06T14:30:00Z,2026-05-07T14:30:00Z
477,SA_FW007,7,Murraylands,SA,BOM,12,Moderate,4,5/6/2026 2:30:00 PM,5/7/2026 2:30:00 PM,2026-05-06T14:30:00Z,2026-05-07T14:30:00Z
478,SA_FW008,8,Mid North,SA,BOM,9,No Rating,4,5/6/2026 2:30:00 PM,5/7/2026 2:30:00 PM,2026-05-06T14:30:00Z,2026-05-07T14:30:00Z
479,SA_FW009,9,Flinders,SA,BOM,8,No Rating,4,5/6/2026 2:30:00 PM,5/7/2026 2:30:00 PM,2026-05-06T14:30:00Z,2026-05-07T14:30:00Z
480,SA_FW010,10,West Coast,SA,BOM,13,Moderate,4,5/6/2026 2:30:00 PM,5/7/2026 2:30:00 PM,2026-05-06T14:30:00Z,2026-05-07T14:30:00Z
481,SA_FW011,11,Eastern Eyre Peninsula,SA,BOM,11,No Rating,4,5/6/2026 2:30:00 PM,5/7/2026 2:30:00 PM,2026-05-06T14:30:00Z,2026-05-07T14:30:00Z
482,SA_FW012,12,Lower Eyre Peninsula,SA,BOM,11,No Rating,4,5/6/2026 2:30:00 PM,5/7/2026 2:30:00 PM,2026-05-06T14:30:00Z,2026-05-07T14:30:00Z
483,SA_FW013,13,North West Pastoral,SA,BOM,13,Moderate,4,5/6/2026 2:30:00 PM,5/7/2026 2:30:00 PM,2026-05-06T14:30:00Z,2026-05-07T14:30:00Z
484,SA_FW014,14,North East Pastoral,SA,BOM,20,Moderate,4,5/6/2026 2:30:00 PM,5/7/2026 2:30:00 PM,2026-05-06T14:30:00Z,2026-05-07T14:30:00Z
485,SA_FW015,15,Mount Lofty Ranges,SA,BOM,16,Moderate,4,5/6/2026 2:30:00 PM,5/7/2026 2:30:00 PM,2026-05-06T14:30:00Z,2026-05-07T14:30:00Z
486,TAS_FW001,1,Furneaux Islands,TAS,BOM,15,Moderate,4,5/8/2026 2:00:00 PM,5/9/2026 2:00:00 PM,2026-05-08T14:00:00Z,2026-05-09T14:00:00Z
487,TAS_FW002,2,North East,TAS,BOM,12,Moderate,4,5/8/2026 2:00:00 PM,5/9/2026 2:00:00 PM,2026-05-08T14:00:00Z,2026-05-09T14:00:00Z
488,TAS_FW003,3,East Coast,TAS,BOM,16,Moderate,4,5/8/2026 2:00:00 PM,5/9/2026 2:00:00 PM,2026-05-08T14:00:00Z,2026-05-09T14:00:00Z
489,TAS_FW004,4,Central North,TAS,BOM,12,Moderate,4,5/8/2026 2:00:00 PM,5/9/2026 2:00:00 PM,2026-05-08T14:00:00Z,2026-05-09T14:00:00Z
490,TAS_FW005,5,Midlands,TAS,BOM,15,Moderate,4,5/8/2026 2:00:00 PM,5/9/2026 2:00:00 PM,2026-05-08T14:00:00Z,2026-05-09T14:00:00Z
491,TAS_FW006,6,South East,TAS,BOM,16,Moderate,4,5/8/2026 2:00:00 PM,5/9/2026 2:00:00 PM,2026-05-08T14:00:00Z,2026-05-09T14:00:00Z
492,TAS_FW007,7,Upper Derwent Valley,TAS,BOM,13,Moderate,4,5/8/2026 2:00:00 PM,5/9/2026 2:00:00 PM,2026-05-08T14:00:00Z,2026-05-09T14:00:00Z
493,TAS_FW008,8,Central Plateau,TAS,BOM,14,Moderate,4,5/8/2026 2:00:00 PM,5/9/2026 2:00:00 PM,2026-05-08T14:00:00Z,2026-05-09T14:00:00Z
494,TAS_FW009,9,Western,TAS,BOM,12,Moderate,4,5/8/2026 2:00:00 PM,5/9/2026 2:00:00 PM,2026-05-08T14:00:00Z,2026-05-09T14:00:00Z
495,TAS_FW010,10,North West Coast,TAS,BOM,9,No Rating,4,5/8/2026 2:00:00 PM,5/9/2026 2:00:00 PM,2026-05-08T14:00:00Z,2026-05-09T14:00:00Z
496,TAS_FW011,11,King Island,TAS,BOM,6,No Rating,4,5/8/2026 2:00:00 PM,5/9/2026 2:00:00 PM,2026-05-08T14:00:00Z,2026-05-09T14:00:00Z
497,VIC_FW001,1,Mallee,VIC,BOM,18,Moderate,4,5/6/2026 2:00:00 PM,5/7/2026 2:00:00 PM,2026-05-06T14:00:00Z,2026-05-07T14:00:00Z
498,VIC_FW002,2,Wimmera,VIC,BOM,19,Moderate,4,5/6/2026 2:00:00 PM,5/7/2026 2:00:00 PM,2026-05-06T14:00:00Z,2026-05-07T14:00:00Z
499,VIC_FW003,3,Northern Country,VIC,BOM,15,Moderate,4,5/6/2026 2:00:00 PM,5/7/2026 2:00:00 PM,2026-05-06T14:00:00Z,2026-05-07T14:00:00Z
500,VIC_FW004,4,North East,VIC,BOM,13,Moderate,4,5/6/2026 2:00:00 PM,5/7/2026 2:00:00 PM,2026-05-06T14:00:00Z,2026-05-07T14:00:00Z
501,VIC_FW005,5,East Gippsland,VIC,BOM,13,Moderate,4,5/6/2026 2:00:00 PM,5/7/2026 2:00:00 PM,2026-05-06T14:00:00Z,2026-05-07T14:00:00Z
502,VIC_FW006,6,West and South Gippsland,VIC,BOM,14,Moderate,4,5/6/2026 2:00:00 PM,5/7/2026 2:00:00 PM,2026-05-06T14:00:00Z,2026-05-07T14:00:00Z
503,VIC_FW007,7,Central,VIC,BOM,16,Moderate,4,5/6/2026 2:00:00 PM,5/7/2026 2:00:00 PM,2026-05-06T14:00:00Z,2026-05-07T14:00:00Z
504,VIC_FW008,8,North Central,VIC,BOM,14,Moderate,4,5/6/2026 2:00:00 PM,5/7/2026 2:00:00 PM,2026-05-06T14:00:00Z,2026-05-07T14:00:00Z
505,VIC_FW009,9,South West,VIC,BOM,17,Moderate,4,5/6/2026 2:00:00 PM,5/7/2026 2:00:00 PM,2026-05-06T14:00:00Z,2026-05-07T14:00:00Z
506,WA_FW041,1,North Kimberley,WA,DFES,6,No Rating,4,5/8/2026 4:00:00 PM,5/9/2026 4:00:00 PM,2026-05-08T16:00:00Z,2026-05-09T16:00:00Z
507,WA_FW042,2,Derby Coast,WA,DFES,6,No Rating,4,5/8/2026 4:00:00 PM,5/9/2026 4:00:00 PM,2026-05-08T16:00:00Z,2026-05-09T16:00:00Z
508,WA_FW043,3,Broome Coast,WA,DFES,6,No Rating,4,5/8/2026 4:00:00 PM,5/9/2026 4:00:00 PM,2026-05-08T16:00:00Z,2026-05-09T16:00:00Z
509,WA_FW044,6,Hedland,WA,DFES,28,High,4,5/8/2026 4:00:00 PM,5/9/2026 4:00:00 PM,2026-05-08T16:00:00Z,2026-05-09T16:00:00Z
510,WA_FW045,7,Burrup,WA,DFES,26,High,4,5/8/2026 4:00:00 PM,5/9/2026 4:00:00 PM,2026-05-08T16:00:00Z,2026-05-09T16:00:00Z
511,WA_FW046,9,Ashburton Coast,WA,DFES,18,Moderate,4,5/8/2026 4:00:00 PM,5/9/2026 4:00:00 PM,2026-05-08T16:00:00Z,2026-05-09T16:00:00Z
512,WA_FW047,5,Central Pilbara,WA,DFES,22,Moderate,4,5/8/2026 4:00:00 PM,5/9/2026 4:00:00 PM,2026-05-08T16:00:00Z,2026-05-09T16:00:00Z
513,WA_FW048,12,Gascoyne Coast,WA,DFES,24,High,4,5/8/2026 4:00:00 PM,5/9/2026 4:00:00 PM,2026-05-08T16:00:00Z,2026-05-09T16:00:00Z
514,WA_FW049,13,Gascoyne Inland,WA,DFES,21,Moderate,4,5/8/2026 4:00:00 PM,5/9/2026 4:00:00 PM,2026-05-08T16:00:00Z,2026-05-09T16:00:00Z
515,WA_FW050,14,Yalgar,WA,DFES,20,Moderate,4,5/8/2026 4:00:00 PM,5/9/2026 4:00:00 PM,2026-05-08T16:00:00Z,2026-05-09T16:00:00Z
516,WA_FW051,17,West Interior,WA,DFES,19,Moderate,4,5/8/2026 4:00:00 PM,5/9/2026 4:00:00 PM,2026-05-08T16:00:00Z,2026-05-09T16:00:00Z
517,WA_FW052,18,Central Interior,WA,DFES,24,High,4,5/8/2026 4:00:00 PM,5/9/2026 4:00:00 PM,2026-05-08T16:00:00Z,2026-05-09T16:00:00Z
518,WA_FW053,21,Midwest Coast,WA,DFES,25,High,4,5/8/2026 4:00:00 PM,5/9/2026 4:00:00 PM,2026-05-08T16:00:00Z,2026-05-09T16:00:00Z
519,WA_FW054,22,Midwest Inland,WA,DFES,21,Moderate,4,5/8/2026 4:00:00 PM,5/9/2026 4:00:00 PM,2026-05-08T16:00:00Z,2026-05-09T16:00:00Z
520,WA_FW055,23,Lesueur,WA,DFES,22,Moderate,4,5/8/2026 4:00:00 PM,5/9/2026 4:00:00 PM,2026-05-08T16:00:00Z,2026-05-09T16:00:00Z
521,WA_FW056,24,Yarra Yarra,WA,DFES,18,Moderate,4,5/8/2026 4:00:00 PM,5/9/2026 4:00:00 PM,2026-05-08T16:00:00Z,2026-05-09T16:00:00Z
522,WA_FW057,34,Mortlock,WA,DFES,18,Moderate,4,5/8/2026 4:00:00 PM,5/9/2026 4:00:00 PM,2026-05-08T16:00:00Z,2026-05-09T16:00:00Z
523,WA_FW058,35,Karroun,WA,DFES,15,Moderate,4,5/8/2026 4:00:00 PM,5/9/2026 4:00:00 PM,2026-05-08T16:00:00Z,2026-05-09T16:00:00Z
524,WA_FW059,37,Lockwood,WA,DFES,15,Moderate,4,5/8/2026 4:00:00 PM,5/9/2026 4:00:00 PM,2026-05-08T16:00:00Z,2026-05-09T16:00:00Z
525,WA_FW060,15,North Goldfields,WA,DFES,14,Moderate,4,5/8/2026 4:00:00 PM,5/9/2026 4:00:00 PM,2026-05-08T16:00:00Z,2026-05-09T16:00:00Z
526,WA_FW061,16,South Goldfields,WA,DFES,5,No Rating,4,5/8/2026 4:00:00 PM,5/9/2026 4:00:00 PM,2026-05-08T16:00:00Z,2026-05-09T16:00:00Z
527,WA_FW062,19,South Interior,WA,DFES,16,Moderate,4,5/8/2026 4:00:00 PM,5/9/2026 4:00:00 PM,2026-05-08T16:00:00Z,2026-05-09T16:00:00Z
528,WA_FW063,25,Swan Coastal North,WA,DFES,15,Moderate,4,5/8/2026 4:00:00 PM,5/9/2026 4:00:00 PM,2026-05-08T16:00:00Z,2026-05-09T16:00:00Z
529,WA_FW064,26,Swan Inland North,WA,DFES,19,Moderate,4,5/8/2026 4:00:00 PM,5/9/2026 4:00:00 PM,2026-05-08T16:00:00Z,2026-05-09T16:00:00Z
530,WA_FW066,27,Swan Coastal South,WA,DFES,13,Moderate,4,5/8/2026 4:00:00 PM,5/9/2026 4:00:00 PM,2026-05-08T16:00:00Z,2026-05-09T16:00:00Z
531,WA_FW067,28,Swan Inland South,WA,DFES,17,Moderate,4,5/8/2026 4:00:00 PM,5/9/2026 4:00:00 PM,2026-05-08T16:00:00Z,2026-05-09T16:00:00Z
532,WA_FW068,31,Brockman,WA,DFES,16,Moderate,4,5/8/2026 4:00:00 PM,5/9/2026 4:00:00 PM,2026-05-08T16:00:00Z,2026-05-09T16:00:00Z
533,WA_FW069,30,Capes,WA,DFES,20,Moderate,4,5/8/2026 4:00:00 PM,5/9/2026 4:00:00 PM,2026-05-08T16:00:00Z,2026-05-09T16:00:00Z
534,WA_FW070,33,Southern Forests,WA,DFES,17,Moderate,4,5/8/2026 4:00:00 PM,5/9/2026 4:00:00 PM,2026-05-08T16:00:00Z,2026-05-09T16:00:00Z
535,WA_FW071,32,Blackwood,WA,DFES,16,Moderate,4,5/8/2026 4:00:00 PM,5/9/2026 4:00:00 PM,2026-05-08T16:00:00Z,2026-05-09T16:00:00Z
536,WA_FW072,38,Arthur,WA,DFES,14,Moderate,4,5/8/2026 4:00:00 PM,5/9/2026 4:00:00 PM,2026-05-08T16:00:00Z,2026-05-09T16:00:00Z
537,WA_FW073,42,Stirling West,WA,DFES,14,Moderate,4,5/8/2026 4:00:00 PM,5/9/2026 4:00:00 PM,2026-05-08T16:00:00Z,2026-05-09T16:00:00Z
538,WA_FW074,41,Stirling North,WA,DFES,15,Moderate,4,5/8/2026 4:00:00 PM,5/9/2026 4:00:00 PM,2026-05-08T16:00:00Z,2026-05-09T16:00:00Z
539,WA_FW075,44,Fitzgerald Coast,WA,DFES,14,Moderate,4,5/8/2026 4:00:00 PM,5/9/2026 4:00:00 PM,2026-05-08T16:00:00Z,2026-05-09T16:00:00Z
540,WA_FW076,45,Fitzgerald Inland,WA,DFES,14,Moderate,4,5/8/2026 4:00:00 PM,5/9/2026 4:00:00 PM,2026-05-08T16:00:00Z,2026-05-09T16:00:00Z
541,WA_FW077,46,Esperance Coast,WA,DFES,13,Moderate,4,5/8/2026 4:00:00 PM,5/9/2026 4:00:00 PM,2026-05-08T16:00:00Z,2026-05-09T16:00:00Z
542,WA_FW078,47,Esperance Inland,WA,DFES,12,Moderate,4,5/8/2026 4:00:00 PM,5/9/2026 4:00:00 PM,2026-05-08T16:00:00Z,2026-05-09T16:00:00Z
543,WA_FW079,4,Kimberley Inland,WA,DFES,8,No Rating,4,5/8/2026 4:00:00 PM,5/9/2026 4:00:00 PM,2026-05-08T16:00:00Z,2026-05-09T16:00:00Z
544,WA_FW080,8,Ashburton Inland,WA,DFES,21,Moderate,4,5/8/2026 4:00:00 PM,5/9/2026 4:00:00 PM,2026-05-08T16:00:00Z,2026-05-09T16:00:00Z
545,WA_FW081,10,Exmouth Gulf Coast,WA,DFES,19,Moderate,4,5/8/2026 4:00:00 PM,5/9/2026 4:00:00 PM,2026-05-08T16:00:00Z,2026-05-09T16:00:00Z
546,WA_FW082,20,Eucla,WA,DFES,6,No Rating,4,5/8/2026 4:00:00 PM,5/9/2026 4:00:00 PM,2026-05-08T16:00:00Z,2026-05-09T16:00:00Z
547,WA_FW083,11,North Interior,WA,DFES,21,Moderate,4,5/8/2026 4:00:00 PM,5/9/2026 4:00:00 PM,2026-05-08T16:00:00Z,2026-05-09T16:00:00Z
548,WA_FW084,29,Geographe,WA,DFES,16,Moderate,4,5/8/2026 4:00:00 PM,5/9/2026 4:00:00 PM,2026-05-08T16:00:00Z,2026-05-09T16:00:00Z
549,WA_FW085,43,Stirling Coast,WA,DFES,14,Moderate,4,5/8/2026 4:00:00 PM,5/9/2026 4:00:00 PM,2026-05-08T16:00:00Z,2026-05-09T16:00:00Z
550,WA_FW086,39,Roe,WA,DFES,14,Moderate,4,5/8/2026 4:00:00 PM,5/9/2026 4:00:00 PM,2026-05-08T16:00:00Z,2026-05-09T16:00:00Z
551,WA_FW087,40,Lakes,WA,DFES,14,Moderate,4,5/8/2026 4:00:00 PM,5/9/2026 4:00:00 PM,2026-05-08T16:00:00Z,2026-05-09T16:00:00Z
552,WA_FW088,36,Avon,WA,DFES,16,Moderate,4,5/8/2026 4:00:00 PM,5/9/2026 4:00:00 PM,2026-05-08T16:00:00Z,2026-05-09T16:00:00Z
